,State,LGA region,Postcode
0,New South Wales,Albury,2640
1,New South Wales,Albury,2641
2,New South Wales,Albury,2642
3,New South Wales,Albury,2644
4,New South Wales,Albury,3690
5,New South Wales,Albury,3691
6,New South Wales,Armidale Dumaresq,2350
7,New South Wales,Armidale Dumaresq,2351
8,New South Wales,Armidale Dumaresq,2354
9,New South Wales,Armidale Dumaresq,2358
10,New South Wales,Armidale Dumaresq,2365
11,New South Wales,Armidale Dumaresq,2440
12,New South Wales,Armidale Dumaresq,2453
13,New South Wales,Armidale Dumaresq,2454
14,New South Wales,Ashfield,2040
15,New South Wales,Ashfield,2045
16,New South Wales,Ashfield,2046
17,New South Wales,Ashfield,2049
18,New South Wales,Ashfield,2130
19,New South Wales,Ashfield,2131
20,New South Wales,Ashfield,2132
21,New South Wales,Ashfield,2133
22,New South Wales,Ashfield,2193
23,New South Wales,Ashfield,2203
24,New South Wales,Auburn,2127
25,New South Wales,Auburn,2128
26,New South Wales,Auburn,2135
27,New South Wales,Auburn,2138
28,New South Wales,Auburn,2140
29,New South Wales,Auburn,2141
30,New South Wales,Auburn,2142
31,New South Wales,Auburn,2143
32,New South Wales,Auburn,2144
33,New South Wales,Auburn,2162
34,New South Wales,Auburn,2190
35,New South Wales,Ballina,2471
36,New South Wales,Ballina,2472
37,New South Wales,Ballina,2477
38,New South Wales,Ballina,2478
39,New South Wales,Ballina,2479
40,New South Wales,Ballina,2480
41,New South Wales,Ballina,2481
42,New South Wales,Balranald,2648
43,New South Wales,Balranald,2711
44,New South Wales,Balranald,2715
45,New South Wales,Balranald,2736
46,New South Wales,Balranald,2737
47,New South Wales,Balranald,2879
48,New South Wales,Balranald,3501
49,New South Wales,Balranald,3549
50,New South Wales,Balranald,3597
51,New South Wales,Bankstown,2136
55,New South Wales,Bankstown,2161
57,New South Wales,Bankstown,2163
58,New South Wales,Bankstown,2165
59,New South Wales,Bankstown,2166
60,New South Wales,Bankstown,2170
61,New South Wales,Bankstown,2172
63,New South Wales,Bankstown,2195
64,New South Wales,Bankstown,2196
65,New South Wales,Bankstown,2197
66,New South Wales,Bankstown,2198
67,New South Wales,Bankstown,2199
68,New South Wales,Bankstown,2200
69,New South Wales,Bankstown,2210
70,New South Wales,Bankstown,2211
71,New South Wales,Bankstown,2212
72,New South Wales,Bankstown,2213
73,New South Wales,Bankstown,2214
74,New South Wales,Bankstown,2234
75,New South Wales,Bathurst Regional,2583
76,New South Wales,Bathurst Regional,2787
77,New South Wales,Bathurst Regional,2795
78,New South Wales,Bathurst Regional,2799
79,New South Wales,Bathurst Regional,2800
80,New South Wales,Bathurst Regional,2808
81,New South Wales,Bathurst Regional,2846
82,New South Wales,Bathurst Regional,2847
83,New South Wales,Bathurst Regional,2850
84,New South Wales,Bega Valley,2545
85,New South Wales,Bega Valley,2546
86,New South Wales,Bega Valley,2548
87,New South Wales,Bega Valley,2549
88,New South Wales,Bega Valley,2550
89,New South Wales,Bega Valley,2551
90,New South Wales,Bega Valley,2630
91,New South Wales,Bega Valley,2631
92,New South Wales,Bega Valley,2632
93,New South Wales,Bega Valley,3889
94,New South Wales,Bega Valley,3891
96,New South Wales,Bellingen,2441
97,New South Wales,Bellingen,2448
98,New South Wales,Bellingen,2449
99,New South Wales,Bellingen,2450
102,New South Wales,Bellingen,2455
103,New South Wales,Berrigan,2646
104,New South Wales,Berrigan,2710
105,New South Wales,Berrigan,2712
106,New South Wales,Berrigan,2713
107,New South Wales,Berrigan,2714
108,New South Wales,Berrigan,3641
109,New South Wales,Berrigan,3644
110,New South Wales,Berrigan,3730
111,New South Wales,Blacktown,2145
112,New South Wales,Blacktown,2146
113,New South Wales,Blacktown,2147
114,New South Wales,Blacktown,2148
115,New South Wales,Blacktown,2153
116,New South Wales,Blacktown,2155
117,New South Wales,Blacktown,2164
118,New South Wales,Blacktown,2175
119,New South Wales,Blacktown,2178
120,New South Wales,Blacktown,2747
121,New South Wales,Blacktown,2756
122,New South Wales,Blacktown,2759
123,New South Wales,Blacktown,2760
124,New South Wales,Blacktown,2761
125,New South Wales,Blacktown,2762
126,New South Wales,Blacktown,2763
127,New South Wales,Blacktown,2765
128,New South Wales,Blacktown,2766
129,New South Wales,Blacktown,2767
130,New South Wales,Blacktown,2768
131,New South Wales,Blacktown,2769
132,New South Wales,Blacktown,2770
133,New South Wales,Bland,2594
134,New South Wales,Bland,2665
135,New South Wales,Bland,2666
136,New South Wales,Bland,2668
137,New South Wales,Bland,2669
138,New South Wales,Bland,2671
139,New South Wales,Bland,2672
140,New South Wales,Bland,2675
141,New South Wales,Bland,2721
142,New South Wales,Bland,2810
143,New South Wales,Bland,2871
144,New South Wales,Bland,2877
145,New South Wales,Blayney,2791
146,New South Wales,Blayney,2792
147,New South Wales,Blayney,2793
149,New South Wales,Blayney,2797
150,New South Wales,Blayney,2798
153,New South Wales,Blayney,2804
155,New South Wales,Blue Mountains,2745
156,New South Wales,Blue Mountains,2749
157,New South Wales,Blue Mountains,2750
158,New South Wales,Blue Mountains,2753
160,New South Wales,Blue Mountains,2758
161,New South Wales,Blue Mountains,2773
162,New South Wales,Blue Mountains,2774
163,New South Wales,Blue Mountains,2776
164,New South Wales,Blue Mountains,2777
165,New South Wales,Blue Mountains,2778
166,New South Wales,Blue Mountains,2779
167,New South Wales,Blue Mountains,2780
168,New South Wales,Blue Mountains,2782
169,New South Wales,Blue Mountains,2783
170,New South Wales,Blue Mountains,2784
171,New South Wales,Blue Mountains,2785
172,New South Wales,Blue Mountains,2786
174,New South Wales,Blue Mountains,2790
175,New South Wales,Blue Mountains,2849
176,New South Wales,Bogan,2824
177,New South Wales,Bogan,2825
178,New South Wales,Bogan,2831
179,New South Wales,Bogan,2835
180,New South Wales,Bogan,2839
181,New South Wales,Bogan,2840
182,New South Wales,Bogan,2873
187,New South Wales,Bombala,2627
190,New South Wales,Bombala,2633
191,New South Wales,Bombala,3888
193,New South Wales,Boorowa,2581
194,New South Wales,Boorowa,2582
196,New South Wales,Boorowa,2584
197,New South Wales,Boorowa,2585
198,New South Wales,Boorowa,2586
200,New South Wales,Boorowa,2794
201,New South Wales,Boorowa,2803
203,New South Wales,Botany Bay,2015
204,New South Wales,Botany Bay,2018
205,New South Wales,Botany Bay,2019
206,New South Wales,Botany Bay,2020
207,New South Wales,Botany Bay,2032
208,New South Wales,Botany Bay,2033
209,New South Wales,Botany Bay,2035
210,New South Wales,Botany Bay,2036
211,New South Wales,Botany Bay,2044
213,New South Wales,Bourke,2836
216,New South Wales,Bourke,2880
217,New South Wales,Bourke,4490
218,New South Wales,Bourke,4492
221,New South Wales,Brewarrina,2832
222,New South Wales,Brewarrina,2834
225,New South Wales,Brewarrina,4488
231,New South Wales,Burwood,2134
234,New South Wales,Burwood,2137
235,New South Wales,Burwood,2191
236,New South Wales,Burwood,2194
241,New South Wales,Byron,2482
242,New South Wales,Byron,2483
243,New South Wales,Byron,2484
250,New South Wales,Cabonne,2805
251,New South Wales,Cabonne,2806
252,New South Wales,Cabonne,2820
253,New South Wales,Cabonne,2830
255,New South Wales,Cabonne,2864
256,New South Wales,Cabonne,2865
257,New South Wales,Cabonne,2866
258,New South Wales,Cabonne,2867
259,New South Wales,Cabonne,2868
260,New South Wales,Cabonne,2869
261,New South Wales,Cabonne,2870
263,New South Wales,Camden,2171
264,New South Wales,Camden,2179
265,New South Wales,Camden,2556
266,New South Wales,Camden,2557
267,New South Wales,Camden,2558
268,New South Wales,Camden,2559
269,New South Wales,Camden,2560
270,New South Wales,Camden,2565
271,New South Wales,Camden,2566
272,New South Wales,Camden,2567
273,New South Wales,Camden,2569
274,New South Wales,Camden,2570
276,New South Wales,Campbelltown,2167
278,New South Wales,Campbelltown,2173
280,New South Wales,Campbelltown,2508
285,New South Wales,Campbelltown,2563
286,New South Wales,Campbelltown,2564
293,New South Wales,Canada Bay,2047
301,New South Wales,Canada Bay,2139
308,New South Wales,Canterbury,2192
315,New South Wales,Canterbury,2204
316,New South Wales,Canterbury,2205
317,New South Wales,Canterbury,2206
318,New South Wales,Canterbury,2207
319,New South Wales,Canterbury,2208
320,New South Wales,Canterbury,2209
323,New South Wales,Carrathool,2652
328,New South Wales,Carrathool,2680
329,New South Wales,Carrathool,2681
330,New South Wales,Carrathool,2707
342,New South Wales,Central Darling,2878
345,New South Wales,Cessnock,2250
346,New South Wales,Cessnock,2259
347,New South Wales,Cessnock,2265
348,New South Wales,Cessnock,2278
349,New South Wales,Cessnock,2286
350,New South Wales,Cessnock,2287
351,New South Wales,Cessnock,2320
352,New South Wales,Cessnock,2321
353,New South Wales,Cessnock,2322
354,New South Wales,Cessnock,2323
355,New South Wales,Cessnock,2325
356,New South Wales,Cessnock,2326
357,New South Wales,Cessnock,2327
358,New South Wales,Cessnock,2330
359,New South Wales,Cessnock,2334
360,New South Wales,Cessnock,2335
362,New South Wales,Cessnock,2775
365,New South Wales,Clarence Valley,2370
369,New South Wales,Clarence Valley,2456
370,New South Wales,Clarence Valley,2460
371,New South Wales,Clarence Valley,2462
372,New South Wales,Clarence Valley,2463
373,New South Wales,Clarence Valley,2464
374,New South Wales,Clarence Valley,2465
375,New South Wales,Clarence Valley,2466
376,New South Wales,Clarence Valley,2469
390,New South Wales,Coffs Harbour,2452
400,New South Wales,Conargo,2716
401,New South Wales,Conargo,2732
402,New South Wales,Conargo,2733
403,New South Wales,Coolamon,2650
407,New South Wales,Coolamon,2701
408,New South Wales,Coolamon,2702
410,New South Wales,Cooma-Monaro,2620
411,New South Wales,Cooma-Monaro,2621
412,New South Wales,Cooma-Monaro,2622
413,New South Wales,Cooma-Monaro,2623
414,New South Wales,Cooma-Monaro,2626
416,New South Wales,Cooma-Monaro,2628
417,New South Wales,Cooma-Monaro,2629
421,New South Wales,Cooma-Monaro,2720
422,New South Wales,Cooma-Monaro,2900
423,New South Wales,Coonamble,2357
424,New South Wales,Coonamble,2388
425,New South Wales,Coonamble,2396
427,New South Wales,Coonamble,2827
428,New South Wales,Coonamble,2828
429,New South Wales,Coonamble,2829
432,New South Wales,Cootamundra,2587
433,New South Wales,Cootamundra,2588
434,New South Wales,Cootamundra,2590
437,New South Wales,Cootamundra,2725
438,New South Wales,Cootamundra,2726
439,New South Wales,Cootamundra,2727
442,New South Wales,Corowa Shire,2643
444,New South Wales,Corowa Shire,2647
447,New South Wales,Corowa Shire,3682
448,New South Wales,Corowa Shire,3685
449,New South Wales,Corowa Shire,3687
450,New South Wales,Corowa Shire,3688
464,New South Wales,Cowra,2807
466,New South Wales,Cowra,2809
471,New South Wales,Dubbo,2821
475,New South Wales,Dubbo,2842
476,New South Wales,Dubbo,2844
479,New South Wales,Dungog,2311
482,New South Wales,Dungog,2324
485,New South Wales,Dungog,2336
486,New South Wales,Dungog,2337
487,New South Wales,Dungog,2415
488,New South Wales,Dungog,2420
489,New South Wales,Dungog,2421
490,New South Wales,Dungog,2422
491,New South Wales,Dungog,2425
492,New South Wales,Eurobodalla,2536
493,New South Wales,Eurobodalla,2537
494,New South Wales,Eurobodalla,2538
506,New South Wales,Fairfield,2168
510,New South Wales,Fairfield,2176
511,New South Wales,Fairfield,2177
522,New South Wales,Forbes,2875
523,New South Wales,Forbes,2876
526,New South Wales,Gilgandra,2395
529,New South Wales,Gilgandra,2823
537,New South Wales,Glen Innes Severn,2360
538,New South Wales,Glen Innes Severn,2361
541,New South Wales,Glen Innes Severn,2371
542,New South Wales,Glen Innes Severn,2372
547,New South Wales,Gloucester,2338
552,New South Wales,Gloucester,2423
553,New South Wales,Gloucester,2424
554,New South Wales,Gloucester,2429
555,New South Wales,Gosford,2082
556,New South Wales,Gosford,2083
558,New South Wales,Gosford,2251
559,New South Wales,Gosford,2256
560,New South Wales,Gosford,2257
561,New South Wales,Gosford,2258
562,New South Wales,Gosford,2260
563,New South Wales,Gosford,2261
566,New South Wales,Goulburn Mulwaree,2577
567,New South Wales,Goulburn Mulwaree,2579
568,New South Wales,Goulburn Mulwaree,2580
579,New South Wales,Greater Hume Shire,2653
580,New South Wales,Greater Hume Shire,2656
581,New South Wales,Greater Hume Shire,2658
582,New South Wales,Greater Hume Shire,2659
583,New South Wales,Greater Hume Shire,2660
586,New South Wales,Greater Hume Shire,3700
587,New South Wales,Greater Hume Shire,3709
588,New South Wales,Greater Taree,2312
593,New South Wales,Greater Taree,2426
594,New South Wales,Greater Taree,2427
595,New South Wales,Greater Taree,2428
597,New South Wales,Greater Taree,2430
598,New South Wales,Greater Taree,2439
599,New South Wales,Greater Taree,2443
600,New South Wales,Greater Taree,2446
616,New South Wales,Griffith,2705
617,New South Wales,Griffith,2706
625,New South Wales,Gundagai,2722
628,New South Wales,Gundagai,2729
629,New South Wales,Gunnedah,2340
630,New South Wales,Gunnedah,2341
631,New South Wales,Gunnedah,2342
632,New South Wales,Gunnedah,2343
633,New South Wales,Gunnedah,2344
634,New South Wales,Gunnedah,2346
636,New South Wales,Gunnedah,2380
637,New South Wales,Gunnedah,2381
638,New South Wales,Gunnedah,2382
640,New South Wales,Gunnedah,2390
643,New South Wales,Guyra,2359
646,New South Wales,Guyra,2369
649,New South Wales,Gwydir,2347
654,New South Wales,Gwydir,2399
655,New South Wales,Gwydir,2400
656,New South Wales,Gwydir,2401
657,New South Wales,Gwydir,2402
658,New South Wales,Gwydir,2403
659,New South Wales,Gwydir,2404
660,New South Wales,Gwydir,2408
661,New South Wales,Gwydir,2409
662,New South Wales,Gwydir,2410
678,New South Wales,Hawkesbury,2754
680,New South Wales,Hawkesbury,2757
696,New South Wales,Holroyd,2150
697,New South Wales,Holroyd,2160
702,New South Wales,Hornsby,2074
703,New South Wales,Hornsby,2076
704,New South Wales,Hornsby,2077
705,New South Wales,Hornsby,2079
706,New South Wales,Hornsby,2080
707,New South Wales,Hornsby,2081
710,New South Wales,Hornsby,2118
711,New South Wales,Hornsby,2119
712,New South Wales,Hornsby,2120
713,New South Wales,Hornsby,2121
714,New South Wales,Hornsby,2122
715,New South Wales,Hornsby,2125
716,New South Wales,Hornsby,2126
717,New South Wales,Hornsby,2154
718,New South Wales,Hornsby,2156
719,New South Wales,Hornsby,2157
720,New South Wales,Hornsby,2158
721,New South Wales,Hornsby,2159
724,New South Wales,Hunters Hill,2110
725,New South Wales,Hunters Hill,2111
726,New South Wales,Hunters Hill,2113
731,New South Wales,Hurstville,2218
732,New South Wales,Hurstville,2220
733,New South Wales,Hurstville,2222
734,New South Wales,Hurstville,2223
747,New South Wales,Inverell,4385
748,New South Wales,Inverell,4388
760,New South Wales,Junee,2663
770,New South Wales,Kempsey,2431
773,New South Wales,Kempsey,2444
775,New South Wales,Kempsey,2447
778,New South Wales,Kiama,2527
779,New South Wales,Kiama,2529
780,New South Wales,Kiama,2533
781,New South Wales,Kiama,2534
782,New South Wales,Kiama,2535
784,New South Wales,Kogarah,2216
785,New South Wales,Kogarah,2217
787,New South Wales,Kogarah,2219
789,New South Wales,Kogarah,2221
792,New South Wales,Kogarah,2224
793,New South Wales,Ku-ring-gai,2067
794,New South Wales,Ku-ring-gai,2069
795,New South Wales,Ku-ring-gai,2070
796,New South Wales,Ku-ring-gai,2071
797,New South Wales,Ku-ring-gai,2072
798,New South Wales,Ku-ring-gai,2073
800,New South Wales,Ku-ring-gai,2075
804,New South Wales,Ku-ring-gai,2084
805,New South Wales,Ku-ring-gai,2085
806,New South Wales,Ku-ring-gai,2086
807,New South Wales,Ku-ring-gai,2087
814,New South Wales,Kyogle,2470
815,New South Wales,Kyogle,2474
816,New South Wales,Kyogle,2475
817,New South Wales,Kyogle,2476
820,New South Wales,Kyogle,4275
821,New South Wales,Kyogle,4285
822,New South Wales,Kyogle,4287
823,New South Wales,Kyogle,4310
833,New South Wales,Lachlan,2874
837,New South Wales,Lake Macquarie,2262
838,New South Wales,Lake Macquarie,2264
840,New South Wales,Lake Macquarie,2267
842,New South Wales,Lake Macquarie,2280
843,New South Wales,Lake Macquarie,2281
844,New South Wales,Lake Macquarie,2282
845,New South Wales,Lake Macquarie,2283
846,New South Wales,Lake Macquarie,2284
847,New South Wales,Lake Macquarie,2285
850,New South Wales,Lake Macquarie,2289
851,New South Wales,Lake Macquarie,2290
852,New South Wales,Lake Macquarie,2291
853,New South Wales,Lake Macquarie,2305
854,New South Wales,Lake Macquarie,2306
857,New South Wales,Lane Cove,2064
858,New South Wales,Lane Cove,2065
859,New South Wales,Lane Cove,2066
864,New South Wales,Leeton,2700
865,New South Wales,Leeton,2703
868,New South Wales,Leichhardt,2037
869,New South Wales,Leichhardt,2038
870,New South Wales,Leichhardt,2039
872,New South Wales,Leichhardt,2041
874,New South Wales,Leichhardt,2048
876,New South Wales,Leichhardt,2050
880,New South Wales,Lismore,2473
894,New South Wales,Lithgow,2845
897,New South Wales,Lithgow,2848
907,New South Wales,Liverpool,2174
917,New South Wales,Liverpool,2555
925,New South Wales,Liverpool,2752
926,New South Wales,Liverpool Plains,2329
929,New South Wales,Liverpool Plains,2339
937,New South Wales,Liverpool Plains,2843
941,New South Wales,Lockhart,2655
956,New South Wales,Manly,2092
957,New South Wales,Manly,2093
958,New South Wales,Manly,2094
959,New South Wales,Manly,2095
960,New South Wales,Manly,2096
961,New South Wales,Manly,2100
966,New South Wales,Marrickville,2042
967,New South Wales,Marrickville,2043
979,New South Wales,Mid-Western Regional,2328
989,New South Wales,Mid-Western Regional,2852
993,New South Wales,Moree Plains,2397
998,New South Wales,Moree Plains,2405
999,New South Wales,Moree Plains,2406
1003,New South Wales,Moree Plains,2833
1005,New South Wales,Moree Plains,4390
1006,New South Wales,Moree Plains,4494
1007,New South Wales,Moree Plains,4496
1008,New South Wales,Moree Plains,4497
1009,New South Wales,Moree Plains,4498
1010,New South Wales,Mosman,2088
1011,New South Wales,Mosman,2090
1015,New South Wales,Murray,2731
1017,New South Wales,Murray,3562
1018,New South Wales,Murray,3564
1019,New South Wales,Murray,3566
1020,New South Wales,Murray,3567
1021,New South Wales,Murray,3568
1022,New South Wales,Murray,3573
1023,New South Wales,Murray,3637
1024,New South Wales,Murray,3638
1025,New South Wales,Murray,3639
1039,New South Wales,Muswellbrook,2333
1056,New South Wales,Narrabri,2386
1088,New South Wales,Newcastle,2292
1089,New South Wales,Newcastle,2293
1090,New South Wales,Newcastle,2294
1091,New South Wales,Newcastle,2295
1092,New South Wales,Newcastle,2296
1093,New South Wales,Newcastle,2297
1094,New South Wales,Newcastle,2298
1095,New South Wales,Newcastle,2299
1096,New South Wales,Newcastle,2300
1097,New South Wales,Newcastle,2302
1098,New South Wales,Newcastle,2303
1099,New South Wales,Newcastle,2304
1101,New South Wales,Newcastle,2307
1102,New South Wales,Newcastle,2308
1105,New South Wales,North Sydney,2060
1106,New South Wales,North Sydney,2061
1107,New South Wales,North Sydney,2062
1108,New South Wales,North Sydney,2063
1111,New South Wales,North Sydney,2089
1125,New South Wales,Palerang,2609
1132,New South Wales,Palerang,2912
1147,New South Wales,Parramatta,2114
1148,New South Wales,Parramatta,2115
1149,New South Wales,Parramatta,2116
1150,New South Wales,Parramatta,2117
1161,New South Wales,Parramatta,2151
1162,New South Wales,Parramatta,2152
1172,New South Wales,Penrith,2748
1187,New South Wales,Pittwater,2101
1188,New South Wales,Pittwater,2102
1189,New South Wales,Pittwater,2103
1190,New South Wales,Pittwater,2104
1191,New South Wales,Pittwater,2105
1192,New South Wales,Pittwater,2106
1193,New South Wales,Pittwater,2107
1194,New South Wales,Pittwater,2108
1204,New South Wales,Port Macquarie-Hastings,2445
1207,New South Wales,Port Stephens,2314
1208,New South Wales,Port Stephens,2315
1209,New South Wales,Port Stephens,2316
1210,New South Wales,Port Stephens,2317
1211,New South Wales,Port Stephens,2318
1212,New South Wales,Port Stephens,2319
1219,New South Wales,Queanbeyan,2600
1221,New South Wales,Queanbeyan,2619
1225,New South Wales,Randwick,2017
1228,New South Wales,Randwick,2021
1229,New South Wales,Randwick,2022
1230,New South Wales,Randwick,2024
1231,New South Wales,Randwick,2025
1232,New South Wales,Randwick,2031
1235,New South Wales,Randwick,2034
1238,New South Wales,Randwick,2052
1268,New South Wales,Ryde,2109
1271,New South Wales,Ryde,2112
1279,New South Wales,Shellharbour,2528
1281,New South Wales,Shellharbour,2530
1283,New South Wales,Shellharbour,2574
1284,New South Wales,Shellharbour,2576
1291,New South Wales,Shoalhaven,2539
1292,New South Wales,Shoalhaven,2540
1293,New South Wales,Shoalhaven,2541
1311,New South Wales,Snowy River,2625
1319,New South Wales,Snowy River,2649
1323,New South Wales,Strathfield,2129
1340,New South Wales,Sutherland Shire,2225
1341,New South Wales,Sutherland Shire,2226
1342,New South Wales,Sutherland Shire,2227
1343,New South Wales,Sutherland Shire,2228
1344,New South Wales,Sutherland Shire,2229
1345,New South Wales,Sutherland Shire,2230
1346,New South Wales,Sutherland Shire,2231
1347,New South Wales,Sutherland Shire,2232
1348,New South Wales,Sutherland Shire,2233
1351,New South Wales,Sydney,2000
1352,New South Wales,Sydney,2006
1353,New South Wales,Sydney,2007
1354,New South Wales,Sydney,2008
1355,New South Wales,Sydney,2009
1356,New South Wales,Sydney,2010
1357,New South Wales,Sydney,2011
1359,New South Wales,Sydney,2016
1365,New South Wales,Sydney,2027
1379,New South Wales,Tamworth Regional,2345
1382,New South Wales,Tamworth Regional,2352
1383,New South Wales,Tamworth Regional,2353
1385,New South Wales,Tamworth Regional,2355
1409,New South Wales,Tenterfield,4370
1410,New South Wales,Tenterfield,4373
1411,New South Wales,Tenterfield,4374
1412,New South Wales,Tenterfield,4375
1413,New South Wales,Tenterfield,4376
1414,New South Wales,Tenterfield,4377
1415,New South Wales,Tenterfield,4378
1416,New South Wales,Tenterfield,4380
1417,New South Wales,Tenterfield,4382
1418,New South Wales,Tenterfield,4383
1448,New South Wales,Tumbarumba,2730
1449,New South Wales,Tumbarumba,3705
1450,New South Wales,Tumbarumba,3707
1452,New South Wales,Tumbarumba,3885
1469,New South Wales,Tweed,2485
1470,New South Wales,Tweed,2486
1471,New South Wales,Tweed,2487
1472,New South Wales,Tweed,2488
1473,New South Wales,Tweed,2489
1474,New South Wales,Tweed,2490
1475,New South Wales,Tweed,4211
1476,New South Wales,Tweed,4213
1477,New South Wales,Tweed,4223
1478,New South Wales,Tweed,4224
1479,New South Wales,Tweed,4225
1480,New South Wales,Tweed,4228
1500,New South Wales,Upper Lachlan Shire,2575
1521,New South Wales,Urana,2645
1532,New South Wales,Wagga Wagga,2651
1539,New South Wales,Wagga Wagga,2661
1540,New South Wales,Wagga Wagga,2678
1550,New South Wales,Wakool,2735
1553,New South Wales,Wakool,3579
1554,New South Wales,Wakool,3580
1555,New South Wales,Wakool,3585
1556,New South Wales,Wakool,3586
1557,New South Wales,Wakool,3590
1558,New South Wales,Wakool,3591
1559,New South Wales,Wakool,3594
1560,New South Wales,Wakool,3596
1581,New South Wales,Walgett,4486
1604,New South Wales,Warringah,2097
1605,New South Wales,Warringah,2099
1628,New South Wales,Waverley,2023
1631,New South Wales,Waverley,2026
1632,New South Wales,Waverley,2029
1633,New South Wales,Waverley,2030
1656,New South Wales,Wentworth,2717
1658,New South Wales,Wentworth,2738
1659,New South Wales,Wentworth,2739
1662,New South Wales,Wentworth,3494
1663,New South Wales,Wentworth,3496
1664,New South Wales,Wentworth,3498
1665,New South Wales,Wentworth,3500
1667,New South Wales,Wentworth,3505
1668,New South Wales,Wentworth,5440
1675,New South Wales,Willoughby,2068
1680,New South Wales,Wingecarribee,2571
1681,New South Wales,Wingecarribee,2572
1686,New South Wales,Wingecarribee,2578
1696,New South Wales,Wollondilly,2568
1701,New South Wales,Wollondilly,2573
1710,New South Wales,Wollongong,2500
1711,New South Wales,Wollongong,2502
1712,New South Wales,Wollongong,2505
1713,New South Wales,Wollongong,2506
1715,New South Wales,Wollongong,2515
1716,New South Wales,Wollongong,2516
1717,New South Wales,Wollongong,2517
1718,New South Wales,Wollongong,2518
1719,New South Wales,Wollongong,2519
1720,New South Wales,Wollongong,2525
1721,New South Wales,Wollongong,2526
1736,New South Wales,Woollahra,2028
1745,New South Wales,Wyong,2263
1756,New South Wales,Yass Valley,2611
1757,New South Wales,Yass Valley,2615
1758,New South Wales,Yass Valley,2618
1780,Northern Territory,Alice Springs,870
1781,Northern Territory,Alice Springs,872
1782,Northern Territory,Barkly,852
1783,Northern Territory,Barkly,860
1784,Northern Territory,Barkly,862
1786,Northern Territory,Barkly,4825
1787,Northern Territory,Barkly,4829
1788,Northern Territory,Belyuen,822
1789,Northern Territory,Belyuen,840
1793,Northern Territory,Central Desert,6770
1796,Northern Territory,Coomalie,841
1797,Northern Territory,Coomalie,845
1798,Northern Territory,Coomalie,846
1799,Northern Territory,Darwin,800
1800,Northern Territory,Darwin,810
1801,Northern Territory,Darwin,812
1802,Northern Territory,Darwin,820
1804,Northern Territory,Darwin,828
1805,Northern Territory,Darwin,830
1808,Northern Territory,East Arnhem,880
1809,Northern Territory,East Arnhem,885
1811,Northern Territory,Katherine,850
1813,Northern Territory,Katherine,853
1817,Northern Territory,Litchfield,829
1819,Northern Territory,Litchfield,832
1820,Northern Territory,Litchfield,835
1821,Northern Territory,Litchfield,836
1822,Northern Territory,Litchfield,837
1823,Northern Territory,Litchfield,838
1829,Northern Territory,MacDonnell,5710
1830,Northern Territory,MacDonnell,5731
1841,Northern Territory,Roper Gulf,854
1847,Northern Territory,Victoria-Daly,847
1850,Northern Territory,Victoria-Daly,6740
1851,Northern Territory,Victoria-Daly,6743
1857,Northern Territory,West Arnhem,886
1858,Queensland,Aurukun,4871
1859,Queensland,Aurukun,4874
1865,Queensland,Balonne,4417
1866,Queensland,Balonne,4422
1867,Queensland,Balonne,4465
1869,Queensland,Balonne,4487
1875,Queensland,Banana,4413
1876,Queensland,Banana,4419
1877,Queensland,Banana,4420
1878,Queensland,Banana,4454
1879,Queensland,Banana,4455
1880,Queensland,Banana,4630
1881,Queensland,Banana,4680
1882,Queensland,Banana,4695
1883,Queensland,Banana,4699
1884,Queensland,Banana,4702
1885,Queensland,Banana,4714
1886,Queensland,Banana,4715
1887,Queensland,Banana,4716
1888,Queensland,Banana,4718
1889,Queensland,Banana,4719
1890,Queensland,Barcaldine,4472
1891,Queensland,Barcaldine,4478
1893,Queensland,Barcaldine,4721
1894,Queensland,Barcaldine,4722
1895,Queensland,Barcaldine,4724
1896,Queensland,Barcaldine,4725
1897,Queensland,Barcaldine,4726
1898,Queensland,Barcaldine,4727
1899,Queensland,Barcaldine,4728
1900,Queensland,Barcaldine,4730
1901,Queensland,Barcaldine,4733
1902,Queensland,Barcaldine,4816
1903,Queensland,Barcaldine,4820
1904,Queensland,Barcoo,4480
1905,Queensland,Barcoo,4481
1908,Queensland,Barcoo,4731
1912,Queensland,Blackall Tambo,4470
1914,Queensland,Blackall Tambo,4477
1927,Queensland,Brisbane,4000
1928,Queensland,Brisbane,4005
1929,Queensland,Brisbane,4006
1930,Queensland,Brisbane,4007
1931,Queensland,Brisbane,4008
1932,Queensland,Brisbane,4009
1933,Queensland,Brisbane,4010
1934,Queensland,Brisbane,4011
1935,Queensland,Brisbane,4012
1936,Queensland,Brisbane,4013
1937,Queensland,Brisbane,4014
1938,Queensland,Brisbane,4017
1939,Queensland,Brisbane,4018
1940,Queensland,Brisbane,4025
1941,Queensland,Brisbane,4030
1942,Queensland,Brisbane,4031
1943,Queensland,Brisbane,4032
1944,Queensland,Brisbane,4034
1945,Queensland,Brisbane,4035
1946,Queensland,Brisbane,4036
1947,Queensland,Brisbane,4051
1948,Queensland,Brisbane,4053
1949,Queensland,Brisbane,4054
1950,Queensland,Brisbane,4055
1951,Queensland,Brisbane,4059
1952,Queensland,Brisbane,4060
1953,Queensland,Brisbane,4061
1954,Queensland,Brisbane,4064
1955,Queensland,Brisbane,4065
1956,Queensland,Brisbane,4066
1957,Queensland,Brisbane,4067
1958,Queensland,Brisbane,4068
1959,Queensland,Brisbane,4069
1960,Queensland,Brisbane,4070
1961,Queensland,Brisbane,4072
1962,Queensland,Brisbane,4073
1963,Queensland,Brisbane,4074
1964,Queensland,Brisbane,4075
1965,Queensland,Brisbane,4076
1966,Queensland,Brisbane,4077
1967,Queensland,Brisbane,4078
1968,Queensland,Brisbane,4101
1969,Queensland,Brisbane,4102
1970,Queensland,Brisbane,4103
1971,Queensland,Brisbane,4104
1972,Queensland,Brisbane,4105
1973,Queensland,Brisbane,4106
1974,Queensland,Brisbane,4107
1975,Queensland,Brisbane,4108
1976,Queensland,Brisbane,4109
1977,Queensland,Brisbane,4110
1978,Queensland,Brisbane,4111
1979,Queensland,Brisbane,4112
1980,Queensland,Brisbane,4113
1981,Queensland,Brisbane,4114
1982,Queensland,Brisbane,4115
1983,Queensland,Brisbane,4116
1984,Queensland,Brisbane,4117
1985,Queensland,Brisbane,4118
1986,Queensland,Brisbane,4119
1987,Queensland,Brisbane,4120
1988,Queensland,Brisbane,4121
1989,Queensland,Brisbane,4122
1990,Queensland,Brisbane,4123
1991,Queensland,Brisbane,4124
1992,Queensland,Brisbane,4127
1993,Queensland,Brisbane,4151
1994,Queensland,Brisbane,4152
1995,Queensland,Brisbane,4153
1996,Queensland,Brisbane,4154
1997,Queensland,Brisbane,4155
1998,Queensland,Brisbane,4156
1999,Queensland,Brisbane,4157
2000,Queensland,Brisbane,4159
2001,Queensland,Brisbane,4169
2002,Queensland,Brisbane,4170
2003,Queensland,Brisbane,4171
2004,Queensland,Brisbane,4172
2005,Queensland,Brisbane,4173
2006,Queensland,Brisbane,4174
2007,Queensland,Brisbane,4178
2008,Queensland,Brisbane,4179
2009,Queensland,Brisbane,4300
2010,Queensland,Brisbane,4303
2011,Queensland,Brisbane,4306
2012,Queensland,Brisbane,4312
2013,Queensland,Brisbane,4500
2014,Queensland,Brisbane,4501
2015,Queensland,Brisbane,4503
2016,Queensland,Brisbane,4520
2024,Queensland,Bundaberg,4620
2025,Queensland,Bundaberg,4621
2026,Queensland,Bundaberg,4625
2028,Queensland,Bundaberg,4659
2029,Queensland,Bundaberg,4660
2030,Queensland,Bundaberg,4670
2031,Queensland,Bundaberg,4671
2032,Queensland,Bundaberg,4673
2033,Queensland,Bundaberg,4674
2034,Queensland,Bundaberg,4676
2036,Queensland,Burdekin,4804
2037,Queensland,Burdekin,4805
2038,Queensland,Burdekin,4806
2039,Queensland,Burdekin,4807
2040,Queensland,Burdekin,4808
2041,Queensland,Burdekin,4809
2042,Queensland,Burdekin,4810
2045,Queensland,Burke,4824
2047,Queensland,Burke,4830
2048,Queensland,Burke,4890
2049,Queensland,Cairns,4860
2050,Queensland,Cairns,4861
2051,Queensland,Cairns,4865
2052,Queensland,Cairns,4868
2053,Queensland,Cairns,4869
2054,Queensland,Cairns,4870
2056,Queensland,Cairns,4872
2057,Queensland,Cairns,4873
2058,Queensland,Cairns,4877
2059,Queensland,Cairns,4878
2060,Queensland,Cairns,4879
2061,Queensland,Cairns,4880
2062,Queensland,Cairns,4881
2063,Queensland,Cairns,4884
2064,Queensland,Cairns,4895
2065,Queensland,Carpentaria,4823
2070,Queensland,Carpentaria,4891
2072,Queensland,Cassowary Coast,4849
2073,Queensland,Cassowary Coast,4850
2074,Queensland,Cassowary Coast,4852
2075,Queensland,Cassowary Coast,4854
2076,Queensland,Cassowary Coast,4855
2077,Queensland,Cassowary Coast,4856
2078,Queensland,Cassowary Coast,4857
2079,Queensland,Cassowary Coast,4858
2080,Queensland,Cassowary Coast,4859
2084,Queensland,Cassowary Coast,4886
2090,Queensland,Central Highlands,4705
2091,Queensland,Central Highlands,4709
2092,Queensland,Central Highlands,4712
2093,Queensland,Central Highlands,4713
2094,Queensland,Central Highlands,4717
2097,Queensland,Central Highlands,4720
2100,Queensland,Central Highlands,4723
2102,Queensland,Central Highlands,4742
2108,Queensland,Charters Towers,4817
2109,Queensland,Charters Towers,4818
2114,Queensland,Cherbourg,4605
2115,Queensland,Cherbourg,4606
2116,Queensland,Cherbourg,4608
2126,Queensland,Cook,4876
2129,Queensland,Croydon,4822
2150,Queensland,Flinders,4821
2153,Queensland,Fraser Coast,4570
2154,Queensland,Fraser Coast,4580
2155,Queensland,Fraser Coast,4581
2156,Queensland,Fraser Coast,4600
2157,Queensland,Fraser Coast,4601
2161,Queensland,Fraser Coast,4650
2162,Queensland,Fraser Coast,4655
2165,Queensland,Fraser Coast,4662
2171,Queensland,Gladstone,4677
2172,Queensland,Gladstone,4678
2174,Queensland,Gladstone,4694
2182,Queensland,Gold Coast,4130
2183,Queensland,Gold Coast,4165
2184,Queensland,Gold Coast,4207
2185,Queensland,Gold Coast,4208
2186,Queensland,Gold Coast,4209
2187,Queensland,Gold Coast,4210
2189,Queensland,Gold Coast,4212
2191,Queensland,Gold Coast,4214
2192,Queensland,Gold Coast,4215
2193,Queensland,Gold Coast,4216
2194,Queensland,Gold Coast,4217
2195,Queensland,Gold Coast,4218
2196,Queensland,Gold Coast,4219
2197,Queensland,Gold Coast,4220
2198,Queensland,Gold Coast,4221
2202,Queensland,Gold Coast,4226
2203,Queensland,Gold Coast,4227
2205,Queensland,Gold Coast,4229
2206,Queensland,Gold Coast,4230
2207,Queensland,Gold Coast,4270
2208,Queensland,Gold Coast,4271
2209,Queensland,Gold Coast,4272
2217,Queensland,Goondiwindi,4352
2218,Queensland,Goondiwindi,4357
2221,Queensland,Goondiwindi,4387
2224,Queensland,Goondiwindi,4406
2231,Queensland,Gympie,4515
2232,Queensland,Gympie,4562
2233,Queensland,Gympie,4563
2234,Queensland,Gympie,4565
2235,Queensland,Gympie,4568
2236,Queensland,Gympie,4569
2238,Queensland,Gympie,4571
2239,Queensland,Gympie,4574
2246,Queensland,Gympie,4611
2247,Queensland,Gympie,4615
2263,Queensland,Ipswich,4301
2265,Queensland,Ipswich,4304
2266,Queensland,Ipswich,4305
2268,Queensland,Ipswich,4307
2269,Queensland,Ipswich,4311
2270,Queensland,Ipswich,4340
2271,Queensland,Ipswich,4341
2272,Queensland,Ipswich,4346
2275,Queensland,Isaac,4707
2282,Queensland,Isaac,4737
2283,Queensland,Isaac,4738
2284,Queensland,Isaac,4739
2285,Queensland,Isaac,4740
2286,Queensland,Isaac,4741
2288,Queensland,Isaac,4743
2289,Queensland,Isaac,4744
2290,Queensland,Isaac,4745
2291,Queensland,Isaac,4746
2292,Queensland,Isaac,4757
2299,Queensland,Lockyer Valley,4309
2304,Queensland,Lockyer Valley,4342
2305,Queensland,Lockyer Valley,4343
2306,Queensland,Lockyer Valley,4344
2307,Queensland,Lockyer Valley,4345
2308,Queensland,Lockyer Valley,4347
2309,Queensland,Lockyer Valley,4350
2311,Queensland,Lockyer Valley,4358
2312,Queensland,Lockyer Valley,4359
2313,Queensland,Lockyer Valley,4361
2314,Queensland,Lockyer Valley,4362
2327,Queensland,Logan,4125
2329,Queensland,Logan,4128
2330,Queensland,Logan,4129
2332,Queensland,Logan,4131
2333,Queensland,Logan,4132
2334,Queensland,Logan,4133
2338,Queensland,Logan,4205
2342,Queensland,Logan,4280
2361,Queensland,Mackay,4750
2362,Queensland,Mackay,4751
2363,Queensland,Mackay,4753
2364,Queensland,Mackay,4754
2365,Queensland,Mackay,4756
2367,Queensland,Mackay,4798
2368,Queensland,Mackay,4799
2369,Queensland,Mackay,4800
2372,Queensland,Maranoa,4416
2377,Queensland,Maranoa,4424
2378,Queensland,Maranoa,4425
2379,Queensland,Maranoa,4427
2380,Queensland,Maranoa,4428
2383,Queensland,Maranoa,4462
2385,Queensland,Maranoa,4468
2400,Queensland,Moreton Bay,4019
2401,Queensland,Moreton Bay,4020
2402,Queensland,Moreton Bay,4021
2403,Queensland,Moreton Bay,4022
2406,Queensland,Moreton Bay,4037
2414,Queensland,Moreton Bay,4502
2416,Queensland,Moreton Bay,4504
2417,Queensland,Moreton Bay,4505
2418,Queensland,Moreton Bay,4506
2419,Queensland,Moreton Bay,4507
2420,Queensland,Moreton Bay,4508
2421,Queensland,Moreton Bay,4509
2422,Queensland,Moreton Bay,4510
2423,Queensland,Moreton Bay,4511
2424,Queensland,Moreton Bay,4512
2425,Queensland,Moreton Bay,4514
2427,Queensland,Moreton Bay,4516
2428,Queensland,Moreton Bay,4517
2429,Queensland,Moreton Bay,4518
2430,Queensland,Moreton Bay,4519
2432,Queensland,Moreton Bay,4521
2433,Queensland,Moreton Bay,4552
2439,Queensland,Mount Isa,4828
2455,Queensland,North Burnett,4610
2457,Queensland,North Burnett,4613
2461,Queensland,North Burnett,4626
2462,Queensland,North Burnett,4627
2497,Queensland,Redland,4158
2499,Queensland,Redland,4160
2500,Queensland,Redland,4161
2501,Queensland,Redland,4163
2502,Queensland,Redland,4164
2504,Queensland,Redland,4183
2505,Queensland,Redland,4184
2516,Queensland,Rockhampton,4700
2517,Queensland,Rockhampton,4701
2519,Queensland,Rockhampton,4703
2521,Queensland,Rockhampton,4710
2522,Queensland,Rockhampton,4711
2548,Queensland,Scenic Rim,4371
2553,Queensland,Somerset,4313
2559,Queensland,Somerset,4355
2572,Queensland,South Burnett,4402
2573,Queensland,South Burnett,4408
2574,Queensland,South Burnett,4410
2584,Queensland,South Burnett,4612
2586,Queensland,South Burnett,4614
2602,Queensland,Southern Downs,4365
2605,Queensland,Southern Downs,4372
2613,Queensland,Southern Downs,4381
2626,Queensland,Sunshine Coast,4550
2627,Queensland,Sunshine Coast,4551
2629,Queensland,Sunshine Coast,4553
2630,Queensland,Sunshine Coast,4554
2631,Queensland,Sunshine Coast,4555
2632,Queensland,Sunshine Coast,4556
2633,Queensland,Sunshine Coast,4557
2634,Queensland,Sunshine Coast,4558
2635,Queensland,Sunshine Coast,4559
2636,Queensland,Sunshine Coast,4560
2637,Queensland,Sunshine Coast,4561
2640,Queensland,Sunshine Coast,4564
2642,Queensland,Sunshine Coast,4566
2643,Queensland,Sunshine Coast,4567
2648,Queensland,Sunshine Coast,4572
2649,Queensland,Sunshine Coast,4573
2651,Queensland,Sunshine Coast,4575
2667,Queensland,Tablelands,4882
2668,Queensland,Tablelands,4883
2670,Queensland,Tablelands,4885
2672,Queensland,Tablelands,4887
2673,Queensland,Tablelands,4888
2683,Queensland,Toowoomba,4353
2684,Queensland,Toowoomba,4354
2686,Queensland,Toowoomba,4356
2690,Queensland,Toowoomba,4360
2693,Queensland,Toowoomba,4363
2694,Queensland,Toowoomba,4364
2699,Queensland,Toowoomba,4400
2700,Queensland,Toowoomba,4401
2702,Queensland,Toowoomba,4403
2703,Queensland,Toowoomba,4404
2704,Queensland,Toowoomba,4405
2706,Queensland,Toowoomba,4407
2713,Queensland,Torres,4875
2719,Queensland,Townsville,4811
2720,Queensland,Townsville,4812
2721,Queensland,Townsville,4813
2722,Queensland,Townsville,4814
2723,Queensland,Townsville,4815
2727,Queensland,Townsville,4819
2740,Queensland,Western Downs,4411
2741,Queensland,Western Downs,4412
2743,Queensland,Western Downs,4415
2748,Queensland,Western Downs,4421
2765,Queensland,Whitsunday,4801
2766,Queensland,Whitsunday,4802
2767,Queensland,Whitsunday,4803
2778,Queensland,Winton,4735
2791,South Australia,Adelaide,5000
2792,South Australia,Adelaide,5005
2793,South Australia,Adelaide,5006
2794,South Australia,Adelaide,5007
2795,South Australia,Adelaide,5031
2796,South Australia,Adelaide,5034
2797,South Australia,Adelaide,5035
2798,South Australia,Adelaide,5061
2799,South Australia,Adelaide,5063
2800,South Australia,Adelaide,5065
2801,South Australia,Adelaide,5067
2802,South Australia,Adelaide,5069
2803,South Australia,Adelaide,5081
2804,South Australia,Adelaide,5082
2805,South Australia,Adelaide Hills,5052
2806,South Australia,Adelaide Hills,5062
2807,South Australia,Adelaide Hills,5064
2808,South Australia,Adelaide Hills,5066
2809,South Australia,Adelaide Hills,5072
2810,South Australia,Adelaide Hills,5073
2811,South Australia,Adelaide Hills,5076
2812,South Australia,Adelaide Hills,5089
2813,South Australia,Adelaide Hills,5091
2814,South Australia,Adelaide Hills,5114
2815,South Australia,Adelaide Hills,5125
2816,South Australia,Adelaide Hills,5126
2817,South Australia,Adelaide Hills,5131
2818,South Australia,Adelaide Hills,5132
2819,South Australia,Adelaide Hills,5133
2820,South Australia,Adelaide Hills,5134
2821,South Australia,Adelaide Hills,5136
2822,South Australia,Adelaide Hills,5137
2823,South Australia,Adelaide Hills,5138
2824,South Australia,Adelaide Hills,5139
2825,South Australia,Adelaide Hills,5140
2826,South Australia,Adelaide Hills,5141
2827,South Australia,Adelaide Hills,5142
2828,South Australia,Adelaide Hills,5144
2829,South Australia,Adelaide Hills,5151
2830,South Australia,Adelaide Hills,5152
2831,South Australia,Adelaide Hills,5153
2832,South Australia,Adelaide Hills,5154
2833,South Australia,Adelaide Hills,5155
2834,South Australia,Adelaide Hills,5156
2835,South Australia,Adelaide Hills,5157
2836,South Australia,Adelaide Hills,5231
2837,South Australia,Adelaide Hills,5232
2838,South Australia,Adelaide Hills,5233
2839,South Australia,Adelaide Hills,5234
2840,South Australia,Adelaide Hills,5235
2841,South Australia,Adelaide Hills,5236
2842,South Australia,Adelaide Hills,5240
2843,South Australia,Adelaide Hills,5241
2844,South Australia,Adelaide Hills,5242
2845,South Australia,Adelaide Hills,5243
2846,South Australia,Adelaide Hills,5244
2847,South Australia,Adelaide Hills,5245
2848,South Australia,Adelaide Hills,5250
2849,South Australia,Adelaide Hills,5252
2850,South Australia,Adelaide Hills,5351
2853,South Australia,Alexandrina,5171
2854,South Australia,Alexandrina,5172
2855,South Australia,Alexandrina,5174
2856,South Australia,Alexandrina,5201
2857,South Australia,Alexandrina,5202
2858,South Australia,Alexandrina,5210
2859,South Australia,Alexandrina,5211
2860,South Australia,Alexandrina,5212
2861,South Australia,Alexandrina,5213
2862,South Australia,Alexandrina,5214
2863,South Australia,Alexandrina,5251
2865,South Australia,Alexandrina,5254
2866,South Australia,Alexandrina,5255
2867,South Australia,Alexandrina,5256
2868,South Australia,Alexandrina,5259
2870,South Australia,Anangu Pitjantjatjara,5690
2872,South Australia,Anangu Pitjantjatjara,5724
2874,South Australia,Barossa,5118
2880,South Australia,Barossa,5350
2882,South Australia,Barossa,5352
2883,South Australia,Barossa,5353
2884,South Australia,Barossa,5355
2885,South Australia,Barossa,5356
2886,South Australia,Barossa,5371
2887,South Australia,Barunga West,5510
2888,South Australia,Barunga West,5520
2889,South Australia,Barunga West,5522
2890,South Australia,Barunga West,5523
2891,South Australia,Barunga West,5554
2892,South Australia,Barunga West,5555
2893,South Australia,Barunga West,5556
2894,South Australia,Barunga West,5560
2895,South Australia,Barunga West,5570
2896,South Australia,Berri and Barmera,5311
2897,South Australia,Berri and Barmera,5331
2898,South Australia,Berri and Barmera,5332
2899,South Australia,Berri and Barmera,5333
2900,South Australia,Berri and Barmera,5341
2901,South Australia,Berri and Barmera,5342
2902,South Australia,Berri and Barmera,5343
2903,South Australia,Berri and Barmera,5344
2904,South Australia,Berri and Barmera,5345
2905,South Australia,Berri and Barmera,5346
2914,South Australia,Burnside,5068
2921,South Australia,Campbelltown,5070
2924,South Australia,Campbelltown,5074
2925,South Australia,Campbelltown,5075
2927,South Australia,Campbelltown,5087
2930,South Australia,Ceduna,5680
2936,South Australia,Charles Sturt,5008
2937,South Australia,Charles Sturt,5009
2938,South Australia,Charles Sturt,5010
2939,South Australia,Charles Sturt,5011
2940,South Australia,Charles Sturt,5012
2941,South Australia,Charles Sturt,5013
2942,South Australia,Charles Sturt,5014
2943,South Australia,Charles Sturt,5015
2944,South Australia,Charles Sturt,5019
2945,South Australia,Charles Sturt,5020
2946,South Australia,Charles Sturt,5021
2947,South Australia,Charles Sturt,5022
2948,South Australia,Charles Sturt,5023
2949,South Australia,Charles Sturt,5024
2950,South Australia,Charles Sturt,5025
2952,South Australia,Charles Sturt,5032
2954,South Australia,Clare and Gilbert Valleys,5372
2955,South Australia,Clare and Gilbert Valleys,5373
2956,South Australia,Clare and Gilbert Valleys,5374
2957,South Australia,Clare and Gilbert Valleys,5400
2958,South Australia,Clare and Gilbert Valleys,5401
2959,South Australia,Clare and Gilbert Valleys,5410
2960,South Australia,Clare and Gilbert Valleys,5411
2961,South Australia,Clare and Gilbert Valleys,5412
2962,South Australia,Clare and Gilbert Valleys,5413
2963,South Australia,Clare and Gilbert Valleys,5414
2964,South Australia,Clare and Gilbert Valleys,5415
2965,South Australia,Clare and Gilbert Valleys,5417
2966,South Australia,Clare and Gilbert Valleys,5451
2967,South Australia,Clare and Gilbert Valleys,5452
2968,South Australia,Clare and Gilbert Valleys,5453
2969,South Australia,Clare and Gilbert Valleys,5454
2970,South Australia,Clare and Gilbert Valleys,5461
2971,South Australia,Clare and Gilbert Valleys,5464
2972,South Australia,Cleve,5600
2973,South Australia,Cleve,5602
2974,South Australia,Cleve,5603
2975,South Australia,Cleve,5607
2976,South Australia,Cleve,5633
2977,South Australia,Cleve,5640
2978,South Australia,Cleve,5641
2979,South Australia,Cleve,5642
2981,South Australia,Coober Pedy,5723
2982,South Australia,Copper Coast,5552
2986,South Australia,Copper Coast,5558
2988,South Australia,Copper Coast,5572
2993,South Australia,Elliston,5650
2994,South Australia,Elliston,5654
2995,South Australia,Elliston,5670
2997,South Australia,Flinders Ranges,5431
2998,South Australia,Flinders Ranges,5433
2999,South Australia,Flinders Ranges,5434
3001,South Australia,Flinders Ranges,5485
3002,South Australia,Flinders Ranges,5700
3011,South Australia,Gawler,5115
3012,South Australia,Gawler,5116
3014,South Australia,Goyder,5320
3019,South Australia,Goyder,5381
3021,South Australia,Goyder,5416
3023,South Australia,Goyder,5419
3024,South Australia,Goyder,5421
3025,South Australia,Goyder,5422
3029,South Australia,Goyder,5491
3030,South Australia,Grant,3292
3031,South Australia,Grant,3312
3032,South Australia,Grant,5277
3033,South Australia,Grant,5278
3034,South Australia,Grant,5280
3035,South Australia,Grant,5290
3036,South Australia,Grant,5291
3038,South Australia,Holdfast Bay,5038
3039,South Australia,Holdfast Bay,5040
3040,South Australia,Holdfast Bay,5043
3041,South Australia,Holdfast Bay,5044
3042,South Australia,Holdfast Bay,5045
3043,South Australia,Holdfast Bay,5046
3044,South Australia,Holdfast Bay,5048
3045,South Australia,Holdfast Bay,5049
3046,South Australia,Holdfast Bay,5950
3047,South Australia,Kangaroo Island,5220
3048,South Australia,Kangaroo Island,5221
3049,South Australia,Kangaroo Island,5222
3050,South Australia,Kangaroo Island,5223
3051,South Australia,Karoonda East Murray,5238
3052,South Australia,Karoonda East Murray,5253
3053,South Australia,Karoonda East Murray,5260
3054,South Australia,Karoonda East Murray,5261
3055,South Australia,Karoonda East Murray,5301
3056,South Australia,Karoonda East Murray,5302
3057,South Australia,Karoonda East Murray,5307
3058,South Australia,Karoonda East Murray,5308
3059,South Australia,Karoonda East Murray,5309
3062,South Australia,Karoonda East Murray,5354
3067,South Australia,Kingston,5264
3068,South Australia,Kingston,5267
3069,South Australia,Kingston,5270
3070,South Australia,Kingston,5272
3071,South Australia,Kingston,5275
3072,South Australia,Kingston,5276
3081,South Australia,Light,5360
3092,South Australia,Light,5501
3093,South Australia,Light,5502
3094,South Australia,Lower Eyre Peninsula,5605
3095,South Australia,Lower Eyre Peninsula,5606
3097,South Australia,Lower Eyre Peninsula,5630
3098,South Australia,Lower Eyre Peninsula,5631
3100,South Australia,Loxton Waikerie,3490
3101,South Australia,Loxton Waikerie,3512
3103,South Australia,Loxton Waikerie,5303
3108,South Australia,Loxton Waikerie,5322
3109,South Australia,Loxton Waikerie,5330
3113,South Australia,Loxton Waikerie,5340
3118,South Australia,Loxton Waikerie,5357
3120,South Australia,Mallala,5110
3123,South Australia,Mallala,5120
3124,South Australia,Mallala,5121
3127,South Australia,Mallala,5460
3130,South Australia,Mallala,5550
3133,South Australia,Maralinga Tjarutja,6429
3134,South Australia,Maralinga Tjarutja,6436
3137,South Australia,Marion,5037
3139,South Australia,Marion,5039
3140,South Australia,Marion,5042
3145,South Australia,Marion,5047
3148,South Australia,Marion,5158
3149,South Australia,Marion,5159
3150,South Australia,Marion,5160
3151,South Australia,Marion,5161
3155,South Australia,Mid Murray,5237
3162,South Australia,Mid Murray,5321
3176,South Australia,Mitcham,5041
3179,South Australia,Mitcham,5050
3180,South Australia,Mitcham,5051
3209,South Australia,Mount Remarkable,5480
3210,South Australia,Mount Remarkable,5481
3211,South Australia,Mount Remarkable,5482
3212,South Australia,Mount Remarkable,5483
3214,South Australia,Mount Remarkable,5490
3215,South Australia,Mount Remarkable,5495
3216,South Australia,Mount Remarkable,5540
3231,South Australia,Naracoorte and Lucindale,3319
3232,South Australia,Naracoorte and Lucindale,3413
3233,South Australia,Naracoorte and Lucindale,5262
3234,South Australia,Naracoorte and Lucindale,5263
3235,South Australia,Naracoorte and Lucindale,5268
3237,South Australia,Naracoorte and Lucindale,5271
3250,South Australia,Northern Areas,5470
3251,South Australia,Northern Areas,5472
3252,South Australia,Northern Areas,5473
3259,South Australia,Northern Areas,5521
3284,South Australia,Onkaparinga,5162
3285,South Australia,Onkaparinga,5163
3286,South Australia,Onkaparinga,5164
3287,South Australia,Onkaparinga,5165
3288,South Australia,Onkaparinga,5166
3289,South Australia,Onkaparinga,5167
3290,South Australia,Onkaparinga,5168
3291,South Australia,Onkaparinga,5169
3292,South Australia,Onkaparinga,5170
3295,South Australia,Onkaparinga,5173
3310,South Australia,Playford,5108
3311,South Australia,Playford,5109
3313,South Australia,Playford,5111
3314,South Australia,Playford,5112
3315,South Australia,Playford,5113
3319,South Australia,Playford,5117
3336,South Australia,Port Adelaide Enfield,5016
3337,South Australia,Port Adelaide Enfield,5017
3338,South Australia,Port Adelaide Enfield,5018
3346,South Australia,Port Adelaide Enfield,5083
3347,South Australia,Port Adelaide Enfield,5084
3348,South Australia,Port Adelaide Enfield,5085
3349,South Australia,Port Adelaide Enfield,5086
3351,South Australia,Port Adelaide Enfield,5088
3352,South Australia,Port Adelaide Enfield,5093
3353,South Australia,Port Adelaide Enfield,5094
3354,South Australia,Port Adelaide Enfield,5095
3355,South Australia,Port Adelaide Enfield,5098
3395,South Australia,Roxby Downs,5725
3398,South Australia,Salisbury,5092
3402,South Australia,Salisbury,5096
3404,South Australia,Salisbury,5106
3405,South Australia,Salisbury,5107
3415,South Australia,Salisbury,5127
3418,South Australia,Southern Mallee,5265
3423,South Australia,Southern Mallee,5304
3433,South Australia,Tatiara,3420
3440,South Australia,Tatiara,5269
3452,South Australia,Tea Tree Gully,5090
3457,South Australia,Tea Tree Gully,5097
3475,South Australia,The Coorong,5266
3481,South Australia,Tumby Bay,5604
3514,South Australia,Wakefield,5462
3541,South Australia,Wattle Range,5279
3553,South Australia,West Torrens,5033
3562,South Australia,Whyalla,5608
3563,South Australia,Whyalla,5609
3570,South Australia,Wudinna,5652
3577,South Australia,Yankalilla,5203
3578,South Australia,Yankalilla,5204
3586,South Australia,Yorke Peninsula,5571
3588,South Australia,Yorke Peninsula,5573
3589,South Australia,Yorke Peninsula,5575
3590,South Australia,Yorke Peninsula,5576
3591,South Australia,Yorke Peninsula,5577
3592,South Australia,Yorke Peninsula,5580
3593,South Australia,Yorke Peninsula,5581
3594,South Australia,Yorke Peninsula,5582
3595,South Australia,Yorke Peninsula,5583
3596,Tasmania,Break O'Day,7210
3597,Tasmania,Break O'Day,7212
3598,Tasmania,Break O'Day,7213
3599,Tasmania,Break O'Day,7214
3600,Tasmania,Break O'Day,7215
3601,Tasmania,Break O'Day,7216
3602,Tasmania,Break O'Day,7259
3603,Tasmania,Break O'Day,7263
3604,Tasmania,Break O'Day,7264
3605,Tasmania,Brighton,7017
3606,Tasmania,Brighton,7025
3607,Tasmania,Brighton,7026
3608,Tasmania,Brighton,7030
3609,Tasmania,Brighton,7140
3610,Tasmania,Burnie,7316
3611,Tasmania,Burnie,7320
3612,Tasmania,Burnie,7321
3613,Tasmania,Burnie,7322
3614,Tasmania,Burnie,7325
3615,Tasmania,Central Coast,7306
3616,Tasmania,Central Coast,7310
3617,Tasmania,Central Coast,7315
3621,Tasmania,Central Highlands,7120
3623,Tasmania,Central Highlands,7209
3624,Tasmania,Central Highlands,7301
3625,Tasmania,Central Highlands,7302
3626,Tasmania,Central Highlands,7304
3629,Tasmania,Circular Head,7330
3630,Tasmania,Circular Head,7331
3631,Tasmania,Clarence,7015
3632,Tasmania,Clarence,7016
3634,Tasmania,Clarence,7018
3635,Tasmania,Clarence,7019
3636,Tasmania,Clarence,7020
3637,Tasmania,Clarence,7021
3638,Tasmania,Clarence,7022
3639,Tasmania,Clarence,7023
3640,Tasmania,Clarence,7024
3644,Tasmania,Clarence,7170
3645,Tasmania,Clarence,7171
3646,Tasmania,Clarence,7172
3647,Tasmania,Derwent Valley,7011
3648,Tasmania,Derwent Valley,7012
3650,Tasmania,Derwent Valley,7054
3651,Tasmania,Derwent Valley,7109
3654,Tasmania,Devonport,7307
3660,Tasmania,Dorset,7254
3662,Tasmania,Dorset,7260
3663,Tasmania,Dorset,7261
3664,Tasmania,Dorset,7262
3667,Tasmania,Dorset,7265
3668,Tasmania,Dorset,7268
3669,Tasmania,Flinders,7255
3670,Tasmania,Flinders,7257
3671,Tasmania,George Town,7252
3672,Tasmania,George Town,7253
3675,Tasmania,George Town,7267
3678,Tasmania,Glamorgan/Spring Bay,7176
3679,Tasmania,Glamorgan/Spring Bay,7190
3684,Tasmania,Glenorchy,7008
3685,Tasmania,Glenorchy,7009
3686,Tasmania,Glenorchy,7010
3692,Tasmania,Hobart,7000
3693,Tasmania,Hobart,7004
3694,Tasmania,Hobart,7005
3695,Tasmania,Hobart,7007
3699,Tasmania,Hobart,7050
3700,Tasmania,Hobart,7053
3704,Tasmania,Huon Valley,7112
3705,Tasmania,Huon Valley,7113
3706,Tasmania,Huon Valley,7116
3707,Tasmania,Huon Valley,7117
3709,Tasmania,Huon Valley,7150
3710,Tasmania,Huon Valley,7155
3711,Tasmania,Huon Valley,7162
3712,Tasmania,Huon Valley,7163
3714,Tasmania,Kentish,7305
3723,Tasmania,Kingborough,7052
3726,Tasmania,Kingborough,7055
3733,Tasmania,King Island,7256
3734,Tasmania,Latrobe,7270
3735,Tasmania,Latrobe,7275
3742,Tasmania,Launceston,7248
3743,Tasmania,Launceston,7249
3744,Tasmania,Launceston,7250
3747,Tasmania,Launceston,7258
3756,Tasmania,Meander Valley,7277
3757,Tasmania,Meander Valley,7290
3758,Tasmania,Meander Valley,7291
3759,Tasmania,Meander Valley,7292
3762,Tasmania,Meander Valley,7303
3771,Tasmania,Northern Midlands,7211
3780,Tasmania,Northern Midlands,7300
3788,Tasmania,Sorell,7173
3790,Tasmania,Sorell,7177
3791,Tasmania,Sorell,7178
3796,Tasmania,Southern Midlands,7027
3806,Tasmania,Tasman,7179
3807,Tasmania,Tasman,7180
3808,Tasmania,Tasman,7182
3809,Tasmania,Tasman,7183
3810,Tasmania,Tasman,7184
3811,Tasmania,Tasman,7186
3818,Tasmania,Waratah/Wynyard,7469
3823,Tasmania,West Coast,7467
3824,Tasmania,West Coast,7468
3826,Tasmania,West Coast,7470
3832,Tasmania,West Tamar,7276
3838,Victoria,Alpine,3678
3840,Victoria,Alpine,3695
3841,Victoria,Alpine,3697
3842,Victoria,Alpine,3698
3843,Victoria,Alpine,3699
3844,Victoria,Alpine,3701
3845,Victoria,Alpine,3735
3846,Victoria,Alpine,3737
3847,Victoria,Alpine,3739
3848,Victoria,Alpine,3740
3849,Victoria,Alpine,3741
3850,Victoria,Alpine,3744
3851,Victoria,Alpine,3747
3852,Victoria,Alpine,3749
3853,Victoria,Alpine,3858
3854,Victoria,Alpine,3862
3855,Victoria,Alpine,3898
3856,Victoria,Alpine,3900
3857,Victoria,Ararat,3272
3858,Victoria,Ararat,3274
3859,Victoria,Ararat,3293
3860,Victoria,Ararat,3294
3861,Victoria,Ararat,3325
3862,Victoria,Ararat,3351
3863,Victoria,Ararat,3361
3864,Victoria,Ararat,3373
3865,Victoria,Ararat,3374
3866,Victoria,Ararat,3375
3867,Victoria,Ararat,3377
3868,Victoria,Ararat,3378
3869,Victoria,Ararat,3379
3870,Victoria,Ararat,3381
3871,Victoria,Ararat,3384
3872,Victoria,Ararat,3469
3873,Victoria,Ballarat,3334
3874,Victoria,Ballarat,3350
3876,Victoria,Ballarat,3352
3877,Victoria,Ballarat,3355
3878,Victoria,Ballarat,3356
3879,Victoria,Ballarat,3357
3880,Victoria,Ballarat,3363
3881,Victoria,Ballarat,3364
3882,Victoria,Ballarat,3370
3883,Victoria,Banyule,3071
3884,Victoria,Banyule,3072
3885,Victoria,Banyule,3073
3886,Victoria,Banyule,3078
3887,Victoria,Banyule,3079
3888,Victoria,Banyule,3081
3889,Victoria,Banyule,3083
3890,Victoria,Banyule,3084
3891,Victoria,Banyule,3085
3892,Victoria,Banyule,3086
3893,Victoria,Banyule,3087
3894,Victoria,Banyule,3088
3895,Victoria,Banyule,3089
3896,Victoria,Banyule,3093
3897,Victoria,Banyule,3094
3898,Victoria,Banyule,3095
3899,Victoria,Banyule,3102
3900,Victoria,Banyule,3104
3901,Victoria,Banyule,3105
3902,Victoria,Banyule,3106
3903,Victoria,Banyule,3107
3904,Victoria,Bass Coast,3922
3905,Victoria,Bass Coast,3923
3906,Victoria,Bass Coast,3925
3907,Victoria,Bass Coast,3945
3908,Victoria,Bass Coast,3951
3909,Victoria,Bass Coast,3956
3910,Victoria,Bass Coast,3979
3911,Victoria,Bass Coast,3984
3912,Victoria,Bass Coast,3987
3913,Victoria,Bass Coast,3991
3914,Victoria,Bass Coast,3992
3915,Victoria,Bass Coast,3995
3916,Victoria,Bass Coast,3996
3917,Victoria,Baw Baw,3723
3918,Victoria,Baw Baw,3783
3919,Victoria,Baw Baw,3797
3920,Victoria,Baw Baw,3799
3921,Victoria,Baw Baw,3815
3922,Victoria,Baw Baw,3816
3923,Victoria,Baw Baw,3818
3924,Victoria,Baw Baw,3820
3925,Victoria,Baw Baw,3821
3926,Victoria,Baw Baw,3822
3927,Victoria,Baw Baw,3823
3928,Victoria,Baw Baw,3824
3929,Victoria,Baw Baw,3825
3930,Victoria,Baw Baw,3831
3931,Victoria,Baw Baw,3832
3932,Victoria,Baw Baw,3833
3933,Victoria,Baw Baw,3835
3934,Victoria,Baw Baw,3840
3935,Victoria,Baw Baw,3844
3936,Victoria,Baw Baw,3854
3937,Victoria,Baw Baw,3856
3939,Victoria,Baw Baw,3871
3940,Victoria,Baw Baw,3950
3941,Victoria,Baw Baw,3953
3942,Victoria,Baw Baw,3981
3943,Victoria,Baw Baw,3988
3944,Victoria,Bayside,3162
3945,Victoria,Bayside,3184
3946,Victoria,Bayside,3185
3947,Victoria,Bayside,3186
3948,Victoria,Bayside,3187
3949,Victoria,Bayside,3188
3950,Victoria,Bayside,3189
3951,Victoria,Bayside,3190
3952,Victoria,Bayside,3191
3953,Victoria,Bayside,3192
3954,Victoria,Bayside,3193
3955,Victoria,Bayside,3194
3956,Victoria,Bayside,3204
3957,Victoria,Benalla,3646
3958,Victoria,Benalla,3666
3959,Victoria,Benalla,3669
3960,Victoria,Benalla,3670
3961,Victoria,Benalla,3672
3962,Victoria,Benalla,3673
3963,Victoria,Benalla,3675
3965,Victoria,Benalla,3720
3967,Victoria,Benalla,3725
3968,Victoria,Benalla,3726
3969,Victoria,Benalla,3727
3970,Victoria,Benalla,3728
3971,Victoria,Benalla,3733
3972,Victoria,Boroondara,3067
3975,Victoria,Boroondara,3101
3977,Victoria,Boroondara,3103
3980,Victoria,Boroondara,3108
3981,Victoria,Boroondara,3121
3982,Victoria,Boroondara,3122
3983,Victoria,Boroondara,3123
3984,Victoria,Boroondara,3124
3985,Victoria,Boroondara,3125
3986,Victoria,Boroondara,3126
3987,Victoria,Boroondara,3127
3988,Victoria,Boroondara,3129
3989,Victoria,Boroondara,3142
3990,Victoria,Boroondara,3144
3991,Victoria,Boroondara,3145
3992,Victoria,Boroondara,3146
3993,Victoria,Boroondara,3147
3994,Victoria,Brimbank,3012
3995,Victoria,Brimbank,3019
3996,Victoria,Brimbank,3020
3997,Victoria,Brimbank,3021
3998,Victoria,Brimbank,3022
3999,Victoria,Brimbank,3023
4000,Victoria,Brimbank,3024
4001,Victoria,Brimbank,3026
4002,Victoria,Brimbank,3029
4003,Victoria,Brimbank,3030
4004,Victoria,Brimbank,3033
4005,Victoria,Brimbank,3034
4006,Victoria,Brimbank,3036
4007,Victoria,Brimbank,3037
4008,Victoria,Brimbank,3038
4009,Victoria,Brimbank,3042
4010,Victoria,Brimbank,3043
4011,Victoria,Brimbank,3045
4012,Victoria,Brimbank,3335
4013,Victoria,Brimbank,3427
4014,Victoria,Brimbank,3428
4015,Victoria,Buloke,3387
4016,Victoria,Buloke,3391
4017,Victoria,Buloke,3392
4018,Victoria,Buloke,3393
4019,Victoria,Buloke,3395
4020,Victoria,Buloke,3478
4021,Victoria,Buloke,3480
4022,Victoria,Buloke,3482
4023,Victoria,Buloke,3483
4024,Victoria,Buloke,3491
4025,Victoria,Buloke,3507
4026,Victoria,Buloke,3518
4027,Victoria,Buloke,3520
4028,Victoria,Buloke,3525
4029,Victoria,Buloke,3527
4030,Victoria,Buloke,3530
4031,Victoria,Buloke,3531
4032,Victoria,Buloke,3533
4033,Victoria,Buloke,3537
4034,Victoria,Buloke,3540
4035,Victoria,Buloke,3542
4036,Victoria,Buloke,3544
4037,Victoria,Buloke,3546
4039,Victoria,Campaspe,3523
4040,Victoria,Campaspe,3551
4041,Victoria,Campaspe,3557
4042,Victoria,Campaspe,3558
4043,Victoria,Campaspe,3559
4044,Victoria,Campaspe,3561
4046,Victoria,Campaspe,3563
4050,Victoria,Campaspe,3571
4051,Victoria,Campaspe,3572
4053,Victoria,Campaspe,3575
4054,Victoria,Campaspe,3608
4055,Victoria,Campaspe,3610
4056,Victoria,Campaspe,3612
4057,Victoria,Campaspe,3616
4058,Victoria,Campaspe,3617
4059,Victoria,Campaspe,3618
4060,Victoria,Campaspe,3620
4061,Victoria,Campaspe,3621
4062,Victoria,Campaspe,3622
4063,Victoria,Campaspe,3623
4064,Victoria,Campaspe,3624
4065,Victoria,Campaspe,3629
4067,Victoria,Cardinia,3139
4068,Victoria,Cardinia,3159
4069,Victoria,Cardinia,3160
4070,Victoria,Cardinia,3781
4071,Victoria,Cardinia,3782
4073,Victoria,Cardinia,3791
4075,Victoria,Cardinia,3804
4076,Victoria,Cardinia,3806
4077,Victoria,Cardinia,3807
4078,Victoria,Cardinia,3808
4079,Victoria,Cardinia,3809
4080,Victoria,Cardinia,3810
4081,Victoria,Cardinia,3812
4082,Victoria,Cardinia,3813
4083,Victoria,Cardinia,3814
4088,Victoria,Cardinia,3977
4089,Victoria,Cardinia,3978
4090,Victoria,Cardinia,3980
4095,Victoria,Casey,3156
4096,Victoria,Casey,3175
4097,Victoria,Casey,3177
4098,Victoria,Casey,3178
4099,Victoria,Casey,3802
4100,Victoria,Casey,3803
4102,Victoria,Casey,3805
4107,Victoria,Casey,3910
4108,Victoria,Casey,3911
4109,Victoria,Casey,3912
4110,Victoria,Casey,3975
4111,Victoria,Casey,3976
4119,Victoria,Central Goldfields,3371
4120,Victoria,Central Goldfields,3462
4121,Victoria,Central Goldfields,3463
4122,Victoria,Central Goldfields,3464
4123,Victoria,Central Goldfields,3465
4124,Victoria,Central Goldfields,3467
4125,Victoria,Central Goldfields,3472
4126,Victoria,Central Goldfields,3475
4127,Victoria,Central Goldfields,3477
4130,Victoria,Colac-Otway,3221
4131,Victoria,Colac-Otway,3231
4132,Victoria,Colac-Otway,3233
4133,Victoria,Colac-Otway,3235
4134,Victoria,Colac-Otway,3236
4135,Victoria,Colac-Otway,3237
4136,Victoria,Colac-Otway,3238
4137,Victoria,Colac-Otway,3239
4138,Victoria,Colac-Otway,3241
4139,Victoria,Colac-Otway,3242
4140,Victoria,Colac-Otway,3243
4141,Victoria,Colac-Otway,3249
4142,Victoria,Colac-Otway,3250
4143,Victoria,Colac-Otway,3251
4144,Victoria,Colac-Otway,3254
4145,Victoria,Colac-Otway,3260
4146,Victoria,Colac-Otway,3266
4147,Victoria,Colac-Otway,3269
4148,Victoria,Colac-Otway,3321
4149,Victoria,Colac-Otway,3324
4150,Victoria,Colac-Otway,3330
4155,Victoria,Corangamite,3264
4156,Victoria,Corangamite,3265
4158,Victoria,Corangamite,3267
4159,Victoria,Corangamite,3268
4161,Victoria,Corangamite,3270
4167,Victoria,Corangamite,3360
4169,Victoria,Darebin,3057
4170,Victoria,Darebin,3058
4171,Victoria,Darebin,3060
4172,Victoria,Darebin,3068
4173,Victoria,Darebin,3070
4177,Victoria,Darebin,3074
4194,Victoria,East Gippsland,3851
4197,Victoria,East Gippsland,3864
4198,Victoria,East Gippsland,3865
4199,Victoria,East Gippsland,3875
4200,Victoria,East Gippsland,3878
4201,Victoria,East Gippsland,3880
4202,Victoria,East Gippsland,3882
4204,Victoria,East Gippsland,3886
4205,Victoria,East Gippsland,3887
4208,Victoria,East Gippsland,3890
4210,Victoria,East Gippsland,3892
4211,Victoria,East Gippsland,3895
4212,Victoria,East Gippsland,3896
4215,Victoria,East Gippsland,3902
4216,Victoria,East Gippsland,3903
4217,Victoria,East Gippsland,3904
4218,Victoria,East Gippsland,3909
4220,Victoria,Frankston,3197
4221,Victoria,Frankston,3198
4222,Victoria,Frankston,3199
4223,Victoria,Frankston,3200
4224,Victoria,Frankston,3201
4228,Victoria,Frankston,3930
4245,Victoria,Gannawarra,3581
4246,Victoria,Gannawarra,3584
4249,Victoria,Glen Eira,3143
4252,Victoria,Glen Eira,3161
4254,Victoria,Glen Eira,3163
4255,Victoria,Glen Eira,3165
4256,Victoria,Glen Eira,3166
4257,Victoria,Glen Eira,3167
4258,Victoria,Glen Eira,3183
4265,Victoria,Glenelg,3285
4266,Victoria,Glenelg,3286
4268,Victoria,Glenelg,3301
4269,Victoria,Glenelg,3302
4270,Victoria,Glenelg,3303
4271,Victoria,Glenelg,3304
4272,Victoria,Glenelg,3305
4273,Victoria,Glenelg,3309
4274,Victoria,Glenelg,3310
4275,Victoria,Glenelg,3311
4277,Victoria,Glenelg,3315
4278,Victoria,Glenelg,3317
4287,Victoria,Golden Plains,3328
4288,Victoria,Golden Plains,3329
4290,Victoria,Golden Plains,3331
4291,Victoria,Golden Plains,3332
4292,Victoria,Golden Plains,3333
4294,Victoria,Golden Plains,3340
4295,Victoria,Golden Plains,3342
4301,Victoria,Greater Bendigo,3444
4302,Victoria,Greater Bendigo,3448
4303,Victoria,Greater Bendigo,3453
4305,Victoria,Greater Bendigo,3515
4306,Victoria,Greater Bendigo,3516
4307,Victoria,Greater Bendigo,3522
4309,Victoria,Greater Bendigo,3550
4311,Victoria,Greater Bendigo,3555
4312,Victoria,Greater Bendigo,3556
4317,Victoria,Greater Bendigo,3570
4320,Victoria,Greater Bendigo,3662
4321,Victoria,Greater Dandenong,3168
4322,Victoria,Greater Dandenong,3169
4323,Victoria,Greater Dandenong,3170
4324,Victoria,Greater Dandenong,3171
4325,Victoria,Greater Dandenong,3172
4326,Victoria,Greater Dandenong,3173
4327,Victoria,Greater Dandenong,3174
4331,Victoria,Greater Dandenong,3195
4332,Victoria,Greater Dandenong,3196
4342,Victoria,Greater Geelong,3211
4343,Victoria,Greater Geelong,3212
4344,Victoria,Greater Geelong,3214
4345,Victoria,Greater Geelong,3215
4346,Victoria,Greater Geelong,3216
4347,Victoria,Greater Geelong,3217
4348,Victoria,Greater Geelong,3218
4349,Victoria,Greater Geelong,3219
4350,Victoria,Greater Geelong,3220
4352,Victoria,Greater Geelong,3222
4353,Victoria,Greater Geelong,3223
4354,Victoria,Greater Geelong,3224
4355,Victoria,Greater Geelong,3225
4356,Victoria,Greater Geelong,3226
4357,Victoria,Greater Geelong,3227
4358,Victoria,Greater Geelong,3228
4359,Victoria,Greater Geelong,3240
4366,Victoria,Greater Shepparton,3614
4374,Victoria,Greater Shepparton,3630
4375,Victoria,Greater Shepparton,3631
4376,Victoria,Greater Shepparton,3633
4377,Victoria,Greater Shepparton,3634
4378,Victoria,Greater Shepparton,3635
4379,Victoria,Greater Shepparton,3636
4385,Victoria,Hepburn,3341
4386,Victoria,Hepburn,3345
4393,Victoria,Hepburn,3442
4395,Victoria,Hepburn,3446
4396,Victoria,Hepburn,3447
4397,Victoria,Hepburn,3451
4398,Victoria,Hepburn,3458
4399,Victoria,Hepburn,3460
4400,Victoria,Hepburn,3461
4405,Victoria,Hindmarsh,3401
4406,Victoria,Hindmarsh,3409
4407,Victoria,Hindmarsh,3414
4408,Victoria,Hindmarsh,3418
4409,Victoria,Hindmarsh,3419
4411,Victoria,Hindmarsh,3423
4412,Victoria,Hindmarsh,3424
4415,Victoria,Hobsons Bay,3013
4416,Victoria,Hobsons Bay,3015
4417,Victoria,Hobsons Bay,3016
4418,Victoria,Hobsons Bay,3018
4419,Victoria,Hobsons Bay,3025
4421,Victoria,Hobsons Bay,3027
4422,Victoria,Hobsons Bay,3028
4424,Victoria,Hobsons Bay,3207
4425,Victoria,Horsham,3314
4428,Victoria,Horsham,3385
4429,Victoria,Horsham,3390
4431,Victoria,Horsham,3400
4433,Victoria,Horsham,3407
4442,Victoria,Hume,3046
4443,Victoria,Hume,3047
4444,Victoria,Hume,3048
4445,Victoria,Hume,3049
4446,Victoria,Hume,3059
4448,Victoria,Hume,3061
4449,Victoria,Hume,3062
4450,Victoria,Hume,3063
4451,Victoria,Hume,3064
4453,Victoria,Hume,3075
4456,Victoria,Hume,3429
4457,Victoria,Hume,3430
4458,Victoria,Hume,3431
4459,Victoria,Hume,3437
4460,Victoria,Hume,3750
4461,Victoria,Hume,3751
4462,Victoria,Hume,3756
4468,Victoria,Indigo,3683
4498,Victoria,Kingston,3202
4500,Victoria,Knox,3133
4501,Victoria,Knox,3134
4502,Victoria,Knox,3135
4503,Victoria,Knox,3137
4504,Victoria,Knox,3150
4505,Victoria,Knox,3152
4506,Victoria,Knox,3153
4507,Victoria,Knox,3154
4508,Victoria,Knox,3155
4510,Victoria,Knox,3158
4514,Victoria,Knox,3179
4515,Victoria,Knox,3180
4516,Victoria,Knox,3785
4517,Victoria,Knox,3786
4518,Victoria,Knox,3787
4519,Victoria,Knox,3788
4526,Victoria,Latrobe,3842
4528,Victoria,Latrobe,3847
4531,Victoria,Latrobe,3857
4533,Victoria,Latrobe,3869
4534,Victoria,Latrobe,3870
4536,Victoria,Latrobe,3873
4537,Victoria,Latrobe,3960
4538,Victoria,Latrobe,3966
4539,Victoria,Latrobe,3971
4547,Victoria,Loddon,3517
4567,Victoria,Macedon Ranges,3337
4574,Victoria,Macedon Ranges,3433
4575,Victoria,Macedon Ranges,3434
4576,Victoria,Macedon Ranges,3435
4578,Victoria,Macedon Ranges,3438
4579,Victoria,Macedon Ranges,3440
4580,Victoria,Macedon Ranges,3441
4587,Victoria,Macedon Ranges,3521
4590,Victoria,Macedon Ranges,3758
4591,Victoria,Macedon Ranges,3764
4596,Victoria,Manningham,3097
4602,Victoria,Manningham,3109
4603,Victoria,Manningham,3111
4604,Victoria,Manningham,3113
4605,Victoria,Manningham,3114
4606,Victoria,Manningham,3115
4607,Victoria,Manningham,3116
4609,Victoria,Manningham,3130
4610,Victoria,Manningham,3131
4611,Victoria,Manningham,3132
4613,Victoria,Manningham,3136
4614,Victoria,Manningham,3775
4619,Victoria,Mansfield,3713
4620,Victoria,Mansfield,3714
4621,Victoria,Mansfield,3715
4622,Victoria,Mansfield,3719
4624,Victoria,Mansfield,3722
4629,Victoria,Maribyrnong,3003
4630,Victoria,Maribyrnong,3011
4636,Victoria,Maribyrnong,3031
4637,Victoria,Maribyrnong,3032
4639,Victoria,Maribyrnong,3039
4640,Victoria,Maribyrnong,3040
4651,Victoria,Maroondah,3138
4655,Victoria,Melbourne,3000
4656,Victoria,Melbourne,3002
4658,Victoria,Melbourne,3004
4659,Victoria,Melbourne,3005
4660,Victoria,Melbourne,3006
4661,Victoria,Melbourne,3008
4662,Victoria,Melbourne,3010
4668,Victoria,Melbourne,3051
4669,Victoria,Melbourne,3052
4670,Victoria,Melbourne,3053
4671,Victoria,Melbourne,3054
4672,Victoria,Melbourne,3055
4673,Victoria,Melbourne,3056
4674,Victoria,Melbourne,3065
4675,Victoria,Melbourne,3066
4678,Victoria,Melbourne,3141
4679,Victoria,Melbourne,3181
4680,Victoria,Melbourne,3205
4681,Victoria,Melbourne,3206
4691,Victoria,Melton,3338
4711,Victoria,Mildura,3509
4730,Victoria,Mitchell,3658
4731,Victoria,Mitchell,3659
4732,Victoria,Mitchell,3660
4734,Victoria,Mitchell,3663
4735,Victoria,Mitchell,3664
4737,Victoria,Mitchell,3717
4739,Victoria,Mitchell,3753
4741,Victoria,Mitchell,3757
4759,Victoria,Moira,3640
4763,Victoria,Moira,3649
4775,Victoria,Monash,3148
4776,Victoria,Monash,3149
4778,Victoria,Monash,3151
4792,Victoria,Monash,3800
4803,Victoria,Moonee Valley,3041
4806,Victoria,Moonee Valley,3044
4856,Victoria,Mornington Peninsula,3913
4857,Victoria,Mornington Peninsula,3915
4858,Victoria,Mornington Peninsula,3916
4859,Victoria,Mornington Peninsula,3918
4860,Victoria,Mornington Peninsula,3919
4861,Victoria,Mornington Peninsula,3920
4862,Victoria,Mornington Peninsula,3926
4863,Victoria,Mornington Peninsula,3927
4864,Victoria,Mornington Peninsula,3928
4865,Victoria,Mornington Peninsula,3929
4867,Victoria,Mornington Peninsula,3931
4868,Victoria,Mornington Peninsula,3933
4869,Victoria,Mornington Peninsula,3934
4870,Victoria,Mornington Peninsula,3936
4871,Victoria,Mornington Peninsula,3937
4872,Victoria,Mornington Peninsula,3938
4873,Victoria,Mornington Peninsula,3939
4874,Victoria,Mornington Peninsula,3940
4875,Victoria,Mornington Peninsula,3941
4876,Victoria,Mornington Peninsula,3942
4877,Victoria,Mornington Peninsula,3943
4878,Victoria,Mornington Peninsula,3944
4883,Victoria,Mount Alexander,3450
4901,Victoria,Moyne,3273
4903,Victoria,Moyne,3275
4904,Victoria,Moyne,3276
4905,Victoria,Moyne,3277
4906,Victoria,Moyne,3278
4907,Victoria,Moyne,3280
4908,Victoria,Moyne,3281
4909,Victoria,Moyne,3282
4910,Victoria,Moyne,3283
4911,Victoria,Moyne,3284
4914,Victoria,Moyne,3287
4915,Victoria,Moyne,3289
4922,Victoria,Murrindindi,3099
4927,Victoria,Murrindindi,3711
4928,Victoria,Murrindindi,3712
4937,Victoria,Murrindindi,3763
4939,Victoria,Murrindindi,3777
4940,Victoria,Murrindindi,3778
4941,Victoria,Murrindindi,3779
4943,Victoria,Nillumbik,3082
4948,Victoria,Nillumbik,3090
4949,Victoria,Nillumbik,3091
4953,Victoria,Nillumbik,3096
4960,Victoria,Nillumbik,3752
4961,Victoria,Nillumbik,3754
4962,Victoria,Nillumbik,3755
4964,Victoria,Nillumbik,3759
4965,Victoria,Nillumbik,3760
4966,Victoria,Nillumbik,3761
4968,Victoria,Nillumbik,3770
4977,Victoria,Northern Grampians,3380
4982,Victoria,Northern Grampians,3388
4999,Victoria,Port Phillip,3182
5019,Victoria,Pyrenees,3468
5032,Victoria,Southern Grampians,3300
5058,Victoria,South Gippsland,3954
5060,Victoria,South Gippsland,3957
5061,Victoria,South Gippsland,3958
5062,Victoria,South Gippsland,3959
5064,Victoria,South Gippsland,3962
5065,Victoria,South Gippsland,3965
5115,Victoria,Surf Coast,3230
5117,Victoria,Surf Coast,3232
5140,Victoria,Swan Hill,3588
5141,Victoria,Swan Hill,3589
5145,Victoria,Swan Hill,3595
5164,Victoria,Wangaratta,3677
5172,Victoria,Wangaratta,3732
5176,Victoria,Wangaratta,3746
5192,Victoria,Wellington,3850
5194,Victoria,Wellington,3852
5199,Victoria,Wellington,3859
5200,Victoria,Wellington,3860
5205,Victoria,Wellington,3874
5216,Victoria,West Wimmera,3318
5221,Victoria,West Wimmera,3412
5242,Victoria,Whitehorse,3128
5260,Victoria,Whittlesea,3076
5280,Victoria,Wodonga,3694
5321,Victoria,Yarra Ranges,3140
5332,Victoria,Yarra Ranges,3765
5333,Victoria,Yarra Ranges,3766
5334,Victoria,Yarra Ranges,3767
5346,Victoria,Yarra Ranges,3789
5348,Victoria,Yarra Ranges,3792
5349,Victoria,Yarra Ranges,3793
5350,Victoria,Yarra Ranges,3795
5351,Victoria,Yarra Ranges,3796
5366,Victoria,Yarriambiack,3396
5373,Victoria,Yarriambiack,3485
5379,Western Australia,Albany,6324
5380,Western Australia,Albany,6326
5381,Western Australia,Albany,6327
5382,Western Australia,Albany,6328
5383,Western Australia,Albany,6330
5384,Western Australia,Albany,6333
5385,Western Australia,Albany,6338
5386,Western Australia,Armadale,6076
5387,Western Australia,Armadale,6110
5388,Western Australia,Armadale,6111
5389,Western Australia,Armadale,6112
5390,Western Australia,Armadale,6121
5391,Western Australia,Armadale,6122
5392,Western Australia,Armadale,6124
5393,Western Australia,Armadale,6155
5394,Western Australia,Armadale,6164
5395,Western Australia,Armadale,6304
5396,Western Australia,Armadale,6308
5397,Western Australia,Ashburton,6642
5398,Western Australia,Ashburton,6701
5399,Western Australia,Ashburton,6705
5400,Western Australia,Ashburton,6707
5401,Western Australia,Ashburton,6710
5402,Western Australia,Ashburton,6714
5403,Western Australia,Ashburton,6716
5404,Western Australia,Ashburton,6721
5405,Western Australia,Ashburton,6722
5406,Western Australia,Ashburton,6751
5407,Western Australia,Ashburton,6753
5408,Western Australia,Ashburton,6754
5409,Western Australia,Augusta-Margaret River,6275
5410,Western Australia,Augusta-Margaret River,6280
5411,Western Australia,Augusta-Margaret River,6284
5412,Western Australia,Augusta-Margaret River,6285
5413,Western Australia,Augusta-Margaret River,6286
5414,Western Australia,Augusta-Margaret River,6288
5415,Western Australia,Augusta-Margaret River,6290
5416,Western Australia,Bassendean,6053
5417,Western Australia,Bassendean,6054
5418,Western Australia,Bassendean,6055
5419,Western Australia,Bassendean,6062
5420,Western Australia,Bayswater,6050
5421,Western Australia,Bayswater,6051
5422,Western Australia,Bayswater,6052
5425,Western Australia,Bayswater,6059
5427,Western Australia,Bayswater,6063
5429,Western Australia,Belmont,6058
5430,Western Australia,Belmont,6100
5431,Western Australia,Belmont,6101
5432,Western Australia,Belmont,6103
5433,Western Australia,Belmont,6104
5434,Western Australia,Belmont,6105
5435,Western Australia,Belmont,6106
5437,Western Australia,Beverley,6302
5439,Western Australia,Beverley,6306
5441,Western Australia,Beverley,6383
5442,Western Australia,Boddington,6213
5443,Western Australia,Boddington,6215
5444,Western Australia,Boddington,6220
5445,Western Australia,Boddington,6225
5447,Western Australia,Boddington,6390
5448,Western Australia,Boddington,6391
5450,Western Australia,Boyup Brook,6239
5451,Western Australia,Boyup Brook,6244
5452,Western Australia,Boyup Brook,6251
5453,Western Australia,Boyup Brook,6255
5454,Western Australia,Boyup Brook,6258
5455,Western Australia,Boyup Brook,6392
5456,Western Australia,Boyup Brook,6393
5457,Western Australia,Boyup Brook,6394
5458,Western Australia,Boyup Brook,6396
5461,Western Australia,Bridgetown-Greenbushes,6253
5462,Western Australia,Bridgetown-Greenbushes,6254
5464,Western Australia,Bridgetown-Greenbushes,6256
5470,Western Australia,Brookton,6373
5472,Western Australia,Broomehill-Tambellup,6317
5473,Western Australia,Broomehill-Tambellup,6318
5474,Western Australia,Broomehill-Tambellup,6320
5475,Western Australia,Broomehill-Tambellup,6322
5476,Western Australia,Broomehill-Tambellup,6335
5478,Western Australia,Broomehill-Tambellup,6395
5480,Western Australia,Broome,6725
5481,Western Australia,Broome,6726
5482,Western Australia,Broome,6728
5483,Western Australia,Broome,6762
5484,Western Australia,Bruce Rock,6368
5485,Western Australia,Bruce Rock,6369
5487,Western Australia,Bruce Rock,6375
5489,Western Australia,Bruce Rock,6386
5490,Western Australia,Bruce Rock,6410
5491,Western Australia,Bruce Rock,6413
5492,Western Australia,Bruce Rock,6415
5493,Western Australia,Bruce Rock,6418
5494,Western Australia,Bunbury,6229
5495,Western Australia,Bunbury,6230
5496,Western Australia,Bunbury,6232
5497,Western Australia,Bunbury,6233
5498,Western Australia,Bunbury,6236
5499,Western Australia,Bunbury,6237
5502,Western Australia,Busselton,6271
5505,Western Australia,Busselton,6281
5506,Western Australia,Busselton,6282
5509,Western Australia,Cambridge,6005
5510,Western Australia,Cambridge,6007
5511,Western Australia,Cambridge,6008
5512,Western Australia,Cambridge,6010
5513,Western Australia,Cambridge,6014
5514,Western Australia,Cambridge,6015
5515,Western Australia,Cambridge,6016
5516,Western Australia,Cambridge,6018
5517,Western Australia,Cambridge,6019
5519,Western Australia,Canning,6102
5522,Western Australia,Canning,6107
5523,Western Australia,Canning,6108
5524,Western Australia,Canning,6147
5525,Western Australia,Canning,6148
5526,Western Australia,Canning,6149
5527,Western Australia,Canning,6152
5528,Western Australia,Canning,6153
5537,Western Australia,Carnamah,6514
5538,Western Australia,Carnamah,6515
5539,Western Australia,Carnamah,6517
5540,Western Australia,Carnamah,6518
5541,Western Australia,Carnamah,6519
5542,Western Australia,Carnamah,6525
5543,Western Australia,Carnamah,6623
5544,Western Australia,Carnarvon,6532
5549,Western Australia,Chapman Valley,6530
5551,Western Australia,Chapman Valley,6535
5552,Western Australia,Chapman Valley,6536
5553,Western Australia,Chapman Valley,6628
5554,Western Australia,Chapman Valley,6630
5555,Western Australia,Chittering,6037
5556,Western Australia,Chittering,6084
5557,Western Australia,Chittering,6501
5558,Western Australia,Chittering,6502
5559,Western Australia,Chittering,6503
5560,Western Australia,Chittering,6505
5561,Western Australia,Chittering,6509
5562,Western Australia,Chittering,6566
5563,Western Australia,Chittering,6567
5564,Western Australia,Claremont,6009
5566,Western Australia,Claremont,6011
5570,Western Australia,Cockburn,6150
5572,Western Australia,Cockburn,6161
5573,Western Australia,Cockburn,6162
5574,Western Australia,Cockburn,6163
5576,Western Australia,Cockburn,6165
5577,Western Australia,Cockburn,6166
5578,Western Australia,Cockburn,6167
5579,Western Australia,Cockburn,6168
5581,Western Australia,Collie,6224
5583,Western Australia,Collie,6226
5590,Western Australia,Coolgardie,6426
5593,Western Australia,Coolgardie,6442
5594,Western Australia,Coolgardie,6443
5595,Western Australia,Coolgardie,6484
5596,Western Australia,Coorow,6513
5600,Western Australia,Coorow,6521
5601,Western Australia,Coorow,6608
5602,Western Australia,Coorow,6612
5606,Western Australia,Corrigin,6312
5607,Western Australia,Corrigin,6358
5608,Western Australia,Corrigin,6365
5610,Western Australia,Corrigin,6370
5617,Western Australia,Cottesloe,6012
5621,Western Australia,Cranbrook,6321
5623,Western Australia,Cranbrook,6323
5628,Western Australia,Cranbrook,6397
5630,Western Australia,Cuballing,6309
5631,Western Australia,Cuballing,6311
5633,Western Australia,Cuballing,6313
5636,Western Australia,Cue,6635
5637,Western Australia,Cue,6638
5638,Western Australia,Cue,6639
5639,Western Australia,Cue,6640
5643,Western Australia,Cunderdin,6401
5644,Western Australia,Cunderdin,6403
5645,Western Australia,Cunderdin,6405
5646,Western Australia,Cunderdin,6407
5647,Western Australia,Cunderdin,6409
5648,Western Australia,Cunderdin,6460
5649,Western Australia,Cunderdin,6462
5650,Western Australia,Cunderdin,6485
5651,Western Australia,Dalwallinu,6468
5652,Western Australia,Dalwallinu,6472
5653,Western Australia,Dalwallinu,6475
5656,Western Australia,Dalwallinu,6575
5657,Western Australia,Dalwallinu,6606
5659,Western Australia,Dalwallinu,6609
5663,Western Australia,Dandaragan,6044
5665,Western Australia,Dandaragan,6507
5667,Western Australia,Dandaragan,6510
5668,Western Australia,Dandaragan,6511
5671,Western Australia,Dandaragan,6516
5676,Western Australia,Dardanup,6227
5684,Western Australia,Dardanup,6240
5690,Western Australia,Denmark,6398
5696,Western Australia,Derby-West Kimberley,6765
5713,Western Australia,Dowerin,6461
5717,Western Australia,Dowerin,6603
5720,Western Australia,Dumbleyung,6315
5721,Western Australia,Dumbleyung,6316
5723,Western Australia,Dumbleyung,6341
5724,Western Australia,Dumbleyung,6350
5725,Western Australia,Dumbleyung,6352
5726,Western Australia,Dumbleyung,6353
5729,Western Australia,Dundas,6355
5730,Western Australia,Dundas,6359
5734,Western Australia,Dundas,6445
5735,Western Australia,Dundas,6450
5736,Western Australia,East Fremantle,6157
5737,Western Australia,East Fremantle,6158
5738,Western Australia,East Fremantle,6160
5741,Western Australia,East Pilbara,6646
5748,Western Australia,East Pilbara,6758
5749,Western Australia,East Pilbara,6760
5752,Western Australia,Esperance,6346
5756,Western Australia,Esperance,6447
5757,Western Australia,Esperance,6448
5763,Western Australia,Fremantle,6156
5766,Western Australia,Fremantle,6159
5771,Western Australia,Geraldton-Greenough,6528
5776,Western Australia,Gingin,6041
5777,Western Australia,Gingin,6042
5778,Western Australia,Gingin,6043
5789,Western Australia,Gnowangerup,6336
5790,Western Australia,Gnowangerup,6337
5793,Western Australia,Gnowangerup,6343
5799,Western Australia,Goomalling,6568
5800,Western Australia,Goomalling,6569
5806,Western Australia,Gosnells,6109
5822,Western Australia,Harvey,6218
5824,Western Australia,Harvey,6221
5836,Western Australia,Irwin,6522
5847,Western Australia,Jerramungup,6348
5849,Western Australia,Joondalup,6020
5850,Western Australia,Joondalup,6022
5851,Western Australia,Joondalup,6023
5852,Western Australia,Joondalup,6024
5853,Western Australia,Joondalup,6025
5854,Western Australia,Joondalup,6026
5855,Western Australia,Joondalup,6027
5856,Western Australia,Joondalup,6028
5857,Western Australia,Joondalup,6030
5858,Western Australia,Joondalup,6031
5859,Western Australia,Joondalup,6061
5860,Western Australia,Joondalup,6064
5861,Western Australia,Joondalup,6065
5863,Western Australia,Kalamunda,6056
5864,Western Australia,Kalamunda,6057
5866,Western Australia,Kalamunda,6070
5867,Western Australia,Kalamunda,6071
5868,Western Australia,Kalamunda,6073
5869,Western Australia,Kalamunda,6074
5880,Western Australia,Kalgoorlie/Boulder,6430
5881,Western Australia,Kalgoorlie/Boulder,6432
5882,Western Australia,Kalgoorlie/Boulder,6434
5899,Western Australia,Kellerberrin,6421
5901,Western Australia,Kellerberrin,6488
5902,Western Australia,Kellerberrin,6490
5925,Western Australia,Kondinin,6367
5935,Western Australia,Koorda,6477
5954,Western Australia,Kwinana,6170
5955,Western Australia,Kwinana,6171
5971,Western Australia,Laverton,6437
5972,Western Australia,Laverton,6438
5973,Western Australia,Laverton,6440
5982,Western Australia,Mandurah,6175
5983,Western Australia,Mandurah,6176
5984,Western Australia,Mandurah,6180
5985,Western Australia,Mandurah,6181
5986,Western Australia,Mandurah,6208
5987,Western Australia,Mandurah,6209
5988,Western Australia,Mandurah,6210
5989,Western Australia,Mandurah,6211
5995,Western Australia,Manjimup,6260
5996,Western Australia,Manjimup,6262
6015,Western Australia,Melville,6154
6026,Western Australia,Menzies,6431
6040,Western Australia,Merredin,6423
6075,Western Australia,Mount Marshall,6479
6100,Western Australia,Mundaring,6072
6104,Western Australia,Mundaring,6081
6105,Western Australia,Mundaring,6082
6106,Western Australia,Mundaring,6083
6108,Western Australia,Mundaring,6556
6109,Western Australia,Mundaring,6558
6110,Western Australia,Mundaring,6560
6111,Western Australia,Mundaring,6562
6120,Western Australia,Murray,6126
6124,Western Australia,Murray,6182
6125,Western Australia,Murray,6207
6130,Western Australia,Murray,6214
6167,Western Australia,Nedlands,6907
6188,Western Australia,Northam,6564
6203,Western Australia,Perenjori,6620
6206,Western Australia,Perth,6000
6207,Western Australia,Perth,6003
6208,Western Australia,Perth,6004
6254,Western Australia,Rockingham,6125
6258,Western Australia,Rockingham,6169
6261,Western Australia,Rockingham,6172
6262,Western Australia,Rockingham,6173
6263,Western Australia,Rockingham,6174
6272,Western Australia,Roebourne,6713
6274,Western Australia,Roebourne,6718
6275,Western Australia,Roebourne,6720
6291,Western Australia,Serpentine-Jarrahdale,6123
6306,Western Australia,Shark Bay,6537
6313,Western Australia,South Perth,6151
6315,Western Australia,Stirling,6006
6319,Western Australia,Stirling,6017
6323,Western Australia,Stirling,6021
6327,Western Australia,Stirling,6029
6332,Western Australia,Stirling,6060
6336,Western Australia,Stirling,6090
6356,Western Australia,Swan,6066
6357,Western Australia,Swan,6067
6358,Western Australia,Swan,6068
6359,Western Australia,Swan,6069
6362,Western Australia,Swan,6077
6363,Western Australia,Swan,6078
6364,Western Australia,Swan,6079
6463,Western Australia,Wanneroo,6032
6464,Western Australia,Wanneroo,6033
6465,Western Australia,Wanneroo,6035
6466,Western Australia,Wanneroo,6036
6499,Western Australia,Westonia,6425
